Partner.Name,1991,1992,1993,1994,1995,1996,1997,1998,1999,2000,2001,2002,2003,2004,2005,2006,2007,2008,2009,2010,2011,2012,2013,2014,2015,2016,2017
Aruba,,,,1330167598,1320670391,1379888268,1531843575,1665363128,1722798883,1873452514,1920262570,1941094972,2021301676,2228279330,2331005587,2421474860,2623726257,2791960894,2498932961,2467703911,2584463687,,,,,,
Afghanistan,,,,,,,,,,,2461665938,4128820723,4583644246,5285465686,6275073572,7057598407,9843842455,10190529882,12486943506,15936800636,17930239400,20536542737,20264253974,20616104298,19215562179,19469022208,20815300220
Angola,10603784541,8307810974,5768720422,4438321017,5538749260,7526446606,7648377413,6506229607,6152922943,9129594819,8936063723,12497347956,14188949398,19640853734,28233712738,41789479932,60448924662,84178035579,75492385928,82526143645,1.04116E+11,1.13923E+11,1.24913E+11,1.2673E+11,1.02621E+11,95337203468,1.24209E+11
Albania,1139166646,709452583.9,1228071038,1985673798,2424499009,3314898292,2359903108,2707123772,3414760915,3632043908,4060758804,4435078648,5746945913,7314865176,8158548717,8992642349,10701011897,12881352688,12044212904,11926953259,12890867539,12319784787,12776277515,13228244357,11386931490,11883682171,13039352744
Andorra,1106928583,1210013652,1007025755,1017549124,1178738991,1223945357,1180597273,1211932398,1239876305,1434429703,1496912752,1733116883,2398645598,2935659300,3255789081,3543256806,4016972351,4007353157,3660530703,3355695364,3442062830,3164615187,3281585236,3350736367,2811489409,2877311947,3012914131
Arab World,4.39642E+11,4.71017E+11,4.76365E+11,4.87375E+11,5.23357E+11,5.78012E+11,6.12896E+11,5.90693E+11,6.43148E+11,7.34768E+11,7.23283E+11,7.29052E+11,8.23111E+11,9.63862E+11,1.18466E+12,1.40411E+12,1.63757E+12,2.07812E+12,1.79582E+12,2.10955E+12,2.5013E+12,2.78614E+12,2.86604E+12,2.90692E+12,2.55448E+12,2.50016E+12,2.59105E+12
United Arab Emirates,51552165622,54239171888,55625170253,59305093980,65743666576,73571233996,78839008445,75674336283,84445473111,1.04337E+11,1.03312E+11,1.09816E+11,1.24346E+11,1.47824E+11,1.80617E+11,2.22117E+11,2.57916E+11,3.15475E+11,2.53547E+11,2.89787E+11,3.50666E+11,3.74591E+11,3.90108E+11,4.03137E+11,3.58135E+11,3.57045E+11,3.82575E+11
Argentina,1.8972E+11,2.28789E+11,2.36742E+11,2.5744E+11,2.58032E+11,2.7215E+11,2.92859E+11,2.98948E+11,2.83523E+11,2.84204E+11,2.68697E+11,97724004252,1.27587E+11,1.64658E+11,1.98737E+11,2.32557E+11,2.87531E+11,3.61558E+11,3.32976E+11,4.23627E+11,5.30163E+11,5.45982E+11,5.52025E+11,5.2632E+11,5.94749E+11,5.54861E+11,6.3759E+11
Armenia,2068526522,1272577456,1201313201,1315158670,1468317350,1596968913,1639492424,1893726437,1845482181,1911563665,2118467913,2376335048,2807061009,3576615240,4900469950,6384451606,9206301700,11662040714,8647936748,9260284938,10142111334,10619320049,11121465767,11609512940,10553337673,10546135160,11536590636
Samoa,,,,,,,,,,,,514000000,527000000,512000000,503000000,496000000,520000000,563000000,678000000,576000000,574000000,644000000,641000000,643000000,659000000,658000000,
Antigua and Barbuda,481706333.3,499281148.1,535172777.8,589429592.6,577280740.7,633730629.6,680617111.1,727860592.6,766198925.9,830158777.8,800740259.3,814615333.3,855643111.1,919577148.1,1022191296,1157005444,1311401333,1368431037,1224253000,1152469074,1142042926,1211411704,1192925407,1280133333,1364863037,1460144704,1532397556
Australia,3.25358E+11,3.24878E+11,3.11529E+11,3.22201E+11,3.67216E+11,4.00303E+11,4.34568E+11,3.98899E+11,3.88395E+11,4.15034E+11,3.78215E+11,3.94487E+11,4.66295E+11,6.11904E+11,6.92642E+11,7.45522E+11,8.51963E+11,1.05258E+12,9.26448E+11,1.14426E+12,1.39428E+12,1.54341E+12,1.5737E+12,1.46496E+12,1.34903E+12,1.20804E+12,1.32342E+12
Austria,1.73794E+11,1.95078E+11,1.9038E+11,2.03535E+11,2.41038E+11,2.37251E+11,2.1279E+11,2.1826E+11,2.17186E+11,1.968E+11,1.97338E+11,2.13378E+11,2.61696E+11,3.00904E+11,3.15974E+11,3.35999E+11,3.88691E+11,4.30294E+11,4.00172E+11,3.91893E+11,4.3112E+11,4.09425E+11,4.30069E+11,4.41885E+11,3.82066E+11,3.908E+11,4.16596E+11
Azerbaijan,8792365811,4991350458,3973027397,3313739674,3052467522,3176749593,3962710163,4446396218,4581222442,5272617196,5707720391,6235795104,7276013032,8680472169,13245716099,20982986344,33050343783,48852482960,44291490421,52902703376,65951627200,69683935845,74164435946,75244294275,53074370486,37867518957,40747792238
Burundi,1167398478,1083037671,938632612,925030590.2,1000428394,869033856.3,972896267.9,893770806.1,808077223.4,870486065.9,876794723.1,825394490.2,784654423.6,915257323.4,1117257279,1273180597,1356078278,1611634332,1739781489,2026864469,2355652126,2472384907,2714505635,3093647227,3066681387,3007029030,3477502178
Belgium,2.11638E+11,2.36038E+11,2.25925E+11,2.46195E+11,2.89567E+11,2.81358E+11,2.54814E+11,2.60602E+11,2.60202E+11,2.37905E+11,2.37842E+11,2.5886E+11,3.19003E+11,3.70885E+11,3.87366E+11,4.09813E+11,4.71821E+11,5.18626E+11,4.84553E+11,4.83548E+11,5.27008E+11,4.97884E+11,5.20925E+11,5.30771E+11,4.5504E+11,4.67546E+11,4.92681E+11
Benin,1986437860,1695315306,2274557914,1598075932,2169627251,2361116588,2268301538,2455092582,2689787918,2569186643,2680213931,3054571082,3905366188,4521424807,4803702821,5142380779,5969535132,7132787397,7097198712,6970240895,7814081156,8152554487,9157355680,9707432016,8291155881,8573159697,9273558272
Burkina Faso,3135045684,2240264712,2332018011,1895290965,2379518099,2586550747,2447669404,2804902724,2993753187,2628920056,2812845514,3205592290,4205691222,4838551100,5462709498,5816310158,6771277871,8369637065,8369175126,8979966766,10724063458,11166063467,11947176342,12377391463,10419303761,11448781714,12873114800
Bangladesh,30957483950,31708874594,33166519418,33768660883,37939748769,46438484108,48244309133,49984559471,51270569884,53369787319,53991289844,54724081491,60158929188,65108544250,69442943089,71819083684,79611888213,91631278239,1.02478E+11,1.15279E+11,1.28638E+11,1.33356E+11,1.4999E+11,1.72885E+11,1.95079E+11,2.21415E+11,2.49724E+11
Bulgaria,10943548387,10350515464,10829710145,9697416974,13063422619,10109612142,11195612105,14630992956,13495075366,13153016531,14075616789,16276456428,20982685981,25957970922,29636617750,34130122491,44411476557,54409138498,51884481410,50610058210,57418414504,53903022339,55758754072,56731990232,50199104511,53240893665,56831518294
Bahrain,4616223404,4751063830,5200265957,5567553457,5849467819,6101861436,6349202394,6183776596,6621010372,9062906915,8976207713,9632155053,11074822074,13150166755,15968726862,18505053191,21730000000,25710877660,22938218085,25713271277,28776595745,30749308511,32539547872,33387712766,31125851064,32152686170,35307127660
"Bahamas, The",3111160000,3109000000,3092000000,3259000000,3429000000,3609000000,6332360000,6833220000,7683870000,8076470000,8317830000,8881160000,8870090000,9055290000,9836200000,10167250000,10618340000,10526000000,9981960000,10095760000,10070450000,10720500000,10627600000,10957300000,11792300000,11838800000,12162100000
Bosnia and Herzegovina,,,,1255802469,1866572954,2786045322,3671816504,4116699437,4685729739,5505984456,5748990666,6651226179,8370020196,10022840635,11225138297,12866524918,15776422673,19112739664,17613836210,17176781337,18644723861,17226849297,18178503835,18558343508,16209702864,16911088174,18168579578
Belarus,18000000000,17037037037,16280991736,14932024169,13972676841,14756846154,14128408566,15222012660,12138486532,12736856828,12354820144,14594249023,17827791321,23144351852,30207567317,36954312354,45277399814,60763483146,49209523810,57222490769,61757788945,65685102555,75527984234,78813839984,56454734397,47722657821,54442374373
Belize,444720750,518239100,559858250,580863700,620140400,641383800,654314350,688992450,732732350,832072450,871860600,932551850,990374050,1057845500,1114222550,1217467600,1290573400,1368625150,1336957250,1397113450,1487005600,1573670250,1612573850,1703951050,1778567600,1820158550,1838000000
Bermuda,1634899968,1679900032,1820359936,1867160064,2030749952,2695390000,2932827000,3130748000,3324433000,3480219000,3680483000,3937228000,4186525000,4484703000,4868136000,5414299000,5895048000,6109928000,5806378000,5744414000,5550771000,5537537000,5573710000,,,,
Bolivia,5343274312,5643893347,5734676561,5981244887,6715220507,7396966657,7925673448,8497545598,8285075872,8397912509,8141537938,7905485077,8082364868,8773451739,9549077869,11451869165,13120183157,16674324634,17339992165,19649631308,23963033444,27084497540,30659338929,32996187988,33000198263,33941126194,37508642113
Brazil,6.0286E+11,4.00599E+11,4.37799E+11,5.58112E+11,7.69305E+11,8.50426E+11,8.832E+11,8.63723E+11,5.99389E+11,6.55421E+11,5.59372E+11,5.07962E+11,5.5832E+11,6.69317E+11,8.9163E+11,1.10764E+12,1.39708E+12,1.69582E+12,1.66702E+12,2.20887E+12,2.6162E+12,2.46519E+12,2.47281E+12,2.45599E+12,1.80221E+12,1.79399E+12,2.05551E+12
Barbados,2007109829,1950900000,2046189032,2151295182,2261969870,2411872918,2549296475,2874459305,3012081738,3121500000,3116650000,3169600000,3274850000,3514350000,3897300000,4246600000,4523750000,4607300000,4434050000,4461650000,4660900000,4656350000,4612500000,4608350000,4584150000,4529050000,4796845981
Brunei Darussalam,3701667053,4183548189,4105706152,4087337960,4734020037,5115602837,5197332974,4051147228,4600000000,6001153306,5601090584,5843329108,6557333085,7872333215,9531402848,11470703002,12247694247,14393099069,10732366286,13707370737,18525319978,19048495519,18093829923,17098342541,12930394938,11400653960,12128089002
Bhutan,250045839.9,250794359.6,235239570.4,270801565.2,303053462.8,316420860.9,365964500.1,376955087.3,419035810.5,439158233.2,476360697.2,537050133.7,622026107.8,702682019,818869145.1,897731524.9,1196091805,1258332337,1264758198,1585472534,1820207626,1823692110,1798333726,1944782821,2059258653,2212638830,2511852941
Botswana,3942792837,4146513722,4160086253,4259330999,4730611067,4847752843,5020214747,4790458837,5484257417,5788329609,5489608300,5438857107,7511582173,8957467707,9931134941,10126940513,10939053365,10945070442,10267133178,12786654366,15682926896,14686278707,14915780539,16250774267,14420551446,15648700274,17406530781
Central African Republic,1377375031,1411917558,1278781167,851174350.6,1115389732,1007791186,937741468,967338348.7,999477510.7,914500299.1,931833302.8,991387870.1,1139754799,1270080251,1337362392,1460561215,1697565949,1985240986,1981732634,1986015906,2195599557,2169706564,1518565298,1702899386,1583776806,1755468137,1949411659
Canada,6.10328E+11,5.92388E+11,5.77171E+11,5.78139E+11,6.04032E+11,6.28546E+11,6.52825E+11,6.31813E+11,6.76083E+11,7.42293E+11,7.3638E+11,7.57951E+11,8.92381E+11,1.0232E+12,1.16936E+12,1.31542E+12,1.46498E+12,1.54913E+12,1.37115E+12,1.61346E+12,1.78865E+12,1.82429E+12,1.84263E+12,1.79927E+12,1.55962E+12,1.53577E+12,1.65304E+12
Central Europe and the Baltics,2.42845E+11,2.6007E+11,2.74193E+11,3.11016E+11,3.86484E+11,4.12962E+11,4.09178E+11,4.47675E+11,4.34159E+11,4.27831E+11,4.68375E+11,5.27432E+11,6.34788E+11,7.62873E+11,8.8629E+11,1.00244E+12,1.26588E+12,1.52958E+12,1.28622E+12,1.3127E+12,1.44607E+12,1.35151E+12,1.42265E+12,1.4639E+12,1.28622E+12,1.31307E+12,1.45075E+12
Switzerland,2.61114E+11,2.71814E+11,2.64353E+11,2.92647E+11,3.42617E+11,3.30092E+11,2.86519E+11,2.95045E+11,2.89912E+11,2.72055E+11,2.78631E+11,3.01417E+11,3.52915E+11,3.94164E+11,4.08689E+11,4.30921E+11,4.79913E+11,5.54363E+11,5.41507E+11,5.83783E+11,6.9958E+11,6.68044E+11,6.88504E+11,7.09183E+11,6.79289E+11,6.68745E+11,6.78887E+11
Channel Islands,,,,,,,,5945677377,6262740657,6439703435,6232906290,6663669065,7332244898,8553643354,8827272727,9676172953,11514605842,,,,,,,,,,
Chile,37834793730,45964327559,49297773130,57008425296,73447063319,78039572222,84952360922,81577430181,75173794497,77860932152,70979923960,69736811435,75643459840,99210392858,1.22965E+11,1.54788E+11,1.73606E+11,1.79638E+11,1.72389E+11,2.18538E+11,2.52252E+11,2.67122E+11,2.78384E+11,2.60584E+11,2.43999E+11,2.50036E+11,2.77076E+11
China,3.83373E+11,4.26916E+11,4.44731E+11,5.64325E+11,7.34548E+11,8.63747E+11,9.61604E+11,1.02904E+12,1.094E+12,1.21135E+12,1.3394E+12,1.47055E+12,1.66029E+12,1.95535E+12,2.28597E+12,2.75213E+12,3.55218E+12,4.59821E+12,5.10995E+12,6.10062E+12,7.57255E+12,8.56055E+12,9.60722E+12,1.04824E+13,1.10647E+13,1.1191E+13,1.22377E+13
Cote d'Ivoire,10492628915,11152971316,11045759469,8313557450,11000146839,12139234939,11722142706,12612033729,12376639823,10717022463,11192560827,12346919216,15306602560,16554441847,17084928927,17800887796,20343635320,24224903100,24277493862,24884505035,25381616734,27040562587,31273049200,35372603446,33145096414,36374849865,40388624117
Cameroon,12434370005,11396310990,15498179313,10600157684,9643953175,10513387442,10833497458,10612847429,11198378749,10083937740,10371327756,11579343088,14548845765,17430933517,17944084201,19356046328,22365265026,26409781215,26017925552,26143818510,29337006833,29104437355,32348149947,34942948737,30916218544,32217537943,34798596482
"Congo, Dem. Rep.",9625436873,8227343907,10706259937,5820382248,5643439376,5771454940,6090840548,6215591270,4711259427,19088046306,7438189100,8728038525,8937567060,10297483481,11964484668,14451902468,16737071816,19788515874,18648373312,21565722425,25839749199,29306223081,32671683662,35917650630,37917704900,34991160100,37241300949
"Congo, Rep.",2724853593,2933222714,1918970032,1769365425,2116003978,2540697688,2322718991,1949481297,2353909564,3219910550,2794259783,3019993739,3495868808,4648628921,6087003176,7731261311,8394688284,11859013281,9593537551,12007880439,14425607180,13677930124,14085851348,14177437982,8553154580,7833508879,8722553001
Colombia,41239551378,49279585355,55802538219,81703500846,92507279383,97160109278,1.0666E+11,98443739941,86186158685,99886577331,98203546156,97933391976,94684584163,1.17075E+11,1.46566E+11,1.6259E+11,2.07416E+11,2.43982E+11,2.33822E+11,2.87018E+11,3.35415E+11,3.6966E+11,3.80192E+11,3.78196E+11,2.9152E+11,2.80091E+11,3.09191E+11
Comoros,246823428.9,266191040.4,263568114.4,185761822.6,231896229.6,230495751.4,212099634.7,215394066.1,222580453.8,203846427.7,220093812.2,246737679.5,317562269.4,368143118.7,380372892.6,406111873.5,462453582.9,523134897,524157261,530493353.2,586281766.8,570865941.2,618663921.9,647720707.1,565689764.6,616654490.4,648920942.7
Cabo Verde,319827058.6,357160985.3,490417389.7,406580652.3,487148993.5,501979069.3,490608657.9,521910560.5,592416703.1,539227277.6,563024383.3,620974660.2,813963830.2,924318490.8,971977088.2,1107891063,1513933983,1789333749,1711817182,1664310770,1864824081,1751888562,1850951315,1858121723,1596154666,1638927336,1753736712
Costa Rica,7168999428,8528593084,9537297507,10432619390,11513472694,11618286553,12552071367,13617405420,14195623425,14949514585,15913363335,16504795453,17195867540,18529767934,19952156475,22600431878,26743874206,30612932876,30562361123,37268635287,42262697840,46473128286,49745088112,50577769838,54775972989,56988989897,57057372468
Caribbean small states,17668489749,17396950399,18799958621,19800879061,21894409923,23905346739,28028091570,29774471520,31742034843,34061559105,35068207714,36872616587,39421593800,43139861259,48786092030,54618160956,60670805980,68875542818,58049437076,63131259584,68378335170,70576655404,71378769877,72525038828,70918077437,67787681466,69331419651
Cuba,24316556026,22085858243,22367254865,28448326757,30429803651,25017300000,25366200000,25736331247,28364615242,30565400000,31682400000,33590500000,35901200000,38203000000,42643836075,52742800000,58603900000,60806300000,62080000000,64328000000,68990000000,73141000000,77148000000,80656100000,87132800000,,
Curacao,,,,,,,,,,,,,,,,,,,,,,,,,,,
Cayman Islands,,,,,,1012444074,,,,,,,,,,3207032513,,,,,,,,,,,
Cyprus,5770197348,6912150456,6590291048,7425703929,9826778784,9899623588,9594298746,10353506787,10614455232,10183317625,10567304189,11618269231,14576896942,17422375000,18703146375,20403713461,24077470572,27839460964,25942622951,25562251656,27427161523,25041372222,24084572491,23359294149,19676167240,20153871681,21651791751
Czech Republic,29675502270,34590052812,40614350197,47554674591,59775697061,66985765439,61792161168,66490372105,64867483193,61649492817,67523642262,81910771994,99627140274,1.19162E+11,1.36281E+11,1.55464E+11,1.89227E+11,2.35719E+11,2.0618E+11,2.07478E+11,2.27948E+11,2.07376E+11,2.09402E+11,2.07818E+11,1.8683E+11,1.95305E+11,2.15726E+11
Germany,1.86187E+12,2.12313E+12,2.06856E+12,2.20597E+12,2.59162E+12,2.50367E+12,2.21869E+12,2.24323E+12,2.19996E+12,1.94995E+12,1.95065E+12,2.07914E+12,2.50573E+12,2.81925E+12,2.86141E+12,3.00245E+12,3.43995E+12,3.75237E+12,3.41801E+12,3.41709E+12,3.7577E+12,3.54398E+12,3.75251E+12,3.89061E+12,3.37561E+12,3.4778E+12,3.67744E+12
Djibouti,462421998.5,478058304.9,466048469.2,491689220.7,497723960.6,494004647.7,502675542,514267869.3,536080148.1,551230861.9,572417440.8,591122039.6,622044665.5,666072101.8,708633194.7,768873684,847918929.1,999105339.3,1049110685,1128611700,1239144502,1353632942,1324733712,1455035089,1633741923,1764268469,1844674435
Dominica,180437037,191759259.3,200418518.5,215459259.3,224037037,236444444.4,245781481.5,258440740.7,267740740.7,335845814.8,343119370.4,337695740.7,350091222.2,374771481.5,370370370.4,390370370.4,421375851.9,458190185.2,489074333.3,493824407.4,501025296.3,485998000,501979259.3,523666333.3,535095851.9,581484037,562540740.7
Denmark,1.39225E+11,1.52916E+11,1.43196E+11,1.56162E+11,1.85007E+11,1.87632E+11,1.73538E+11,1.76992E+11,1.77965E+11,1.64159E+11,1.64791E+11,1.78635E+11,2.18096E+11,2.51373E+11,2.64467E+11,2.82885E+11,3.19423E+11,3.53361E+11,3.21241E+11,3.21995E+11,3.44003E+11,3.27149E+11,3.43584E+11,3.52994E+11,3.01298E+11,3.069E+11,3.24872E+11
Dominican Republic,9734321854,11356271336,13081042400,14664237667,16598679279,18241691857,20017908829,21672526563,22137599986,24305116729,25599311449,27362875603,21642882856,22692574473,36119047252,38116351526,44169678153,48288967303,48376555306,53982886258,57811180659,60657780261,62661773592,66065015410,68802092021,72342967648,75931656815
Algeria,45715367087,48003298223,49946455211,42542571306,41764052458,46941496780,48177862502,48187747529,48640574567,54790245601,54744714396,56760288974,67863829880,85324998814,1.03198E+11,1.17027E+11,1.34977E+11,1.71001E+11,1.37211E+11,1.61207E+11,2.00019E+11,2.09059E+11,2.09755E+11,2.1381E+11,1.65874E+11,1.59049E+11,1.70371E+11
East Asia & Pacific (excluding high income),7.19536E+11,8.06316E+11,8.85207E+11,1.06484E+12,1.31428E+12,1.50959E+12,1.56363E+12,1.43312E+12,1.57644E+12,1.73518E+12,1.84614E+12,2.04327E+12,2.31273E+12,2.68211E+12,3.10707E+12,3.74227E+12,4.73274E+12,5.99157E+12,6.49898E+12,7.88245E+12,9.63587E+12,1.07497E+13,1.18647E+13,1.27575E+13,1.32711E+13,1.35093E+13,1.47423E+13
Early-demographic dividend,1.92145E+12,2.10816E+12,2.30925E+12,2.42097E+12,2.48511E+12,2.70756E+12,2.89833E+12,2.86347E+12,3.03022E+12,3.28811E+12,3.25575E+12,3.1612E+12,3.5155E+12,4.08395E+12,4.75986E+12,5.4483E+12,6.46716E+12,7.29018E+12,7.01331E+12,8.51864E+12,9.57239E+12,1.00332E+13,1.02009E+13,1.05519E+13,1.02274E+13,1.04374E+13,1.12494E+13
East Asia & Pacific,5.34316E+12,5.83773E+12,6.52897E+12,7.3011E+12,8.29616E+12,7.99244E+12,7.64756E+12,6.85697E+12,7.65559E+12,8.28088E+12,7.70192E+12,7.82433E+12,8.60171E+12,9.64625E+12,1.0293E+13,1.09163E+13,1.22095E+13,1.4102E+13,1.45312E+13,1.69433E+13,1.96479E+13,2.10314E+13,2.12752E+13,2.19142E+13,2.1795E+13,2.25122E+13,2.39993E+13
Europe & Central Asia (excluding high income),9.00664E+11,8.2861E+11,8.14105E+11,7.06723E+11,7.54548E+11,7.64174E+11,7.96314E+11,7.46431E+11,6.27048E+11,6.9828E+11,6.93714E+11,7.93468E+11,1.00276E+12,1.32589E+12,1.68086E+12,2.06371E+12,2.67161E+12,3.30727E+12,2.59773E+12,3.09528E+12,3.82865E+12,4.05455E+12,4.31146E+12,4.02178E+12,3.07485E+12,2.9433E+12,3.3005E+12
Europe & Central Asia,9.114E+12,9.7743E+12,8.98219E+12,9.39447E+12,1.08362E+13,1.1064E+13,1.04984E+13,1.07583E+13,1.06355E+13,1.00191E+13,1.01167E+13,1.10678E+13,1.34814E+13,1.57143E+13,1.67402E+13,1.81216E+13,2.1177E+13,2.32426E+13,2.04445E+13,2.09196E+13,2.31808E+13,2.23436E+13,2.33522E+13,2.36582E+13,2.03734E+13,2.02807E+13,2.14385E+13
Ecuador,16988535268,18094238119,18938717359,22708673337,24432884442,25226393197,28162053027,27981896948,19645272636,18327764882,24468324000,28548945000,32432858000,36591661000,41507085000,46802044000,51007777000,61762635000,62519686000,69555367000,79276664000,87924544000,95129659000,1.01726E+11,99290381000,98613972000,1.03057E+11
"Egypt, Arab Rep.",36970555899,41855986519,46578631453,51897983393,60159245060,67629716981,78436578171,84828807556,90710704807,99838543960,97632008710,87850683979,82924503943,78845185293,89685725230,1.07484E+11,1.30479E+11,1.62818E+11,1.88982E+11,2.18888E+11,2.36002E+11,2.79373E+11,2.88586E+11,3.0553E+11,3.32698E+11,3.32928E+11,2.35369E+11
Euro area,6.09868E+12,6.72813E+12,6.16185E+12,6.50835E+12,7.5119E+12,7.6037E+12,6.95214E+12,7.14392E+12,7.11197E+12,6.48114E+12,6.58788E+12,7.16796E+12,8.84393E+12,1.01445E+13,1.05291E+13,1.11796E+13,1.28736E+13,1.41131E+13,1.2905E+13,1.2641E+13,1.3622E+13,1.26419E+13,1.31933E+13,1.34789E+13,1.16673E+13,1.19347E+13,1.25895E+13
Eritrea,,477101651.6,467872714.8,531688311.7,578015625,693535954.2,686490090.1,745526154.9,688921325.7,706370815.6,752368495.5,729321366.7,870247703.2,1109054005,1098425901,1211161880,1317974491,1380188800,1856695551,2117039512,2607739837,,,,,,
Spain,5.75599E+11,6.29202E+11,5.23649E+11,5.29122E+11,6.1294E+11,6.40998E+11,5.88692E+11,6.17042E+11,6.33194E+11,5.95403E+11,6.25976E+11,7.05146E+11,9.06853E+11,1.06956E+12,1.15728E+12,1.26455E+12,1.47934E+12,1.63502E+12,1.4991E+12,1.43162E+12,1.48807E+12,1.33602E+12,1.36185E+12,1.37691E+12,1.19779E+12,1.23726E+12,1.31132E+12
Estonia,,,,,4373665146,4746109767,5066240419,5617109245,5726897998,5685774809,6245069734,7322069511,9833870709,12059201242,14006088297,16963625016,22237061730,24194039256,19652492637,19490936349,23170239901,23043864510,25137153149,26224622451,22566956982,23337907619,25921079612
Ethiopia,13463868357,10492993078,8830712714,6927950565,7663984568,8547939731,8589211390,7818224906,7700833482,8242392104,8231326016,7850809498,8623691300,10131187261,12401139454,15280861835,19707616773,27066912635,32437389116,29933790334,31952763089,43310721414,47648211133,55612228234,64464547915,73000980434,80561496134
European Union,7.85943E+12,8.56387E+12,7.8082E+12,8.29151E+12,9.61763E+12,9.83278E+12,9.28169E+12,9.59792E+12,9.58322E+12,8.90626E+12,9.00405E+12,9.81657E+12,1.19495E+13,1.37982E+13,1.44335E+13,1.53987E+13,1.77938E+13,1.9137E+13,1.71025E+13,1.69874E+13,1.83506E+13,1.72928E+13,1.80297E+13,1.86355E+13,1.64167E+13,1.64919E+13,1.72777E+13
Fragile and conflict affected situations,,,,,,,,,,2.14582E+11,1.96816E+11,1.91487E+11,2.17584E+11,2.51771E+11,3.06264E+11,3.6264E+11,4.45864E+11,5.76895E+11,5.38769E+11,6.41083E+11,7.05133E+11,8.1246E+11,8.44211E+11,8.54437E+11,7.58949E+11,7.24091E+11,8.30727E+11
Finland,1.27866E+11,1.12625E+11,89255751015,1.03322E+11,1.34199E+11,1.32099E+11,1.26833E+11,1.33936E+11,1.35226E+11,1.2554E+11,1.2925E+11,1.39553E+11,1.71071E+11,1.96768E+11,2.04436E+11,2.16553E+11,2.55385E+11,2.83742E+11,2.51499E+11,2.478E+11,2.73674E+11,2.56706E+11,2.6998E+11,2.72609E+11,2.32465E+11,2.38678E+11,2.51885E+11
Fiji,1383843860,1531803061,1635426125,1825285158,1970347721,2129266728,2093994597,1656784780,1942170999,1684109743,1660102346,1842691481,2315935753,2727507213,3006725015,3102741451,3405050612,3523185920,2870624636,3140508836,3774530616,3972012571,4190143206,4483416340,4362128146,4671313315,5061202767
France,1.26928E+12,1.40147E+12,1.32282E+12,1.39398E+12,1.60109E+12,1.60568E+12,1.45288E+12,1.50311E+12,1.49265E+12,1.36225E+12,1.37647E+12,1.49429E+12,1.84048E+12,2.11574E+12,2.19613E+12,2.31859E+12,2.65721E+12,2.91838E+12,2.69022E+12,2.64261E+12,2.86141E+12,2.68383E+12,2.81108E+12,2.85217E+12,2.43821E+12,2.46513E+12,2.5825E+12
Faroe Islands,,,,,,,,1105688873,1125684470,1062339944,1154899793,1268445919,1486861879,1683997930,1730894295,1970135199,2278229880,2413251996,2257083699,2301168187,2468754075,2356495468,2613464380,2810547884,2476746087,,
"Micronesia, Fed. Sts.",166200000,178100000,198400000,202500000,222103600,218845700,206900300,219646200,220660500,233226300,240051900,241543400,245277400,240097000,250149400,253372300,256548100,262868600,279966700,296525300,310502100,326128700,316040600,317999400,315179700,329895600,336427532.9
Gabon,5402919957,5592390849,4378645081,4190819314,4958845906,5694040337,5326816859,4483417120,4662992036,5067865321,5018874179,5310381151,6497305662,7756293575,9578973591,10318424464,12438956756,15508574820,12065138273,14358631634,18186515200,17171468469,17590680917,18179666879,14377389786,14014278017,14622880886
United Kingdom,1.1428E+12,1.17966E+12,1.06139E+12,1.14049E+12,1.33522E+12,1.40878E+12,1.55248E+12,1.63851E+12,1.66562E+12,1.64795E+12,1.62151E+12,1.76841E+12,2.0384E+12,2.39856E+12,2.5207E+12,2.69261E+12,3.07436E+12,2.89056E+12,2.38283E+12,2.44117E+12,2.6197E+12,2.66209E+12,2.73982E+12,3.02283E+12,2.88557E+12,2.65085E+12,2.62243E+12
Georgia,6357615894,3690328964,2701181331,2513870587,2693731866,3094915506,3510540809,3613500117,2800024314,3057453483,3219487747,3395739855,3991281540,5125363001,6410852596,7745406201,10172869680,12795044473,10766809099,11638536834,14434619982,15846474596,16140047012,16509305828,13993546732,14378016732,15159281211
Ghana,6596546196,6413901602,5966255778,5444560669,6465137615,6934984709,6891308594,7480968858,7719354839,4983024408,5314909954,6166330136,7632406553,8881368538,10731634117,20409668522,24758819718,28526891010,25977847814,32174772956,39566292433,41939728979,47805069495,39086625009,37338430643,42803583022,47330016343
Gibraltar,,,,,,,,,,,,,,,,,,,,,,,,,,,
Guinea,3014890569,3284625277,3279063318,3383218923,3693753379,3869032271,3783788551,3588376057,3461282294,2995360969,2833442750,2949637039,3446442219,3666349049,2937071767,4375865936,5836261225,7009809997,6493151288,6992497899,6511123904,7504778989,8263033525,8765067644,8857789706,9275886117,10496056733
"Gambia, The",690314321.4,714255460.5,755042548.1,746491692.6,785996982.5,848237108.6,803630742.5,840285264.6,814723460.1,782915402.4,687408804.6,578236035.1,487038821.6,578785951.4,624173239.9,655070067.7,798885556.5,965781078.2,900639534,951806368.7,898290989.9,910026155.7,898947649.5,833249466.8,907655651.5,962797146.5,1014621520
Guinea-Bissau,257150374.1,226313443.7,236880821.7,235620043.5,253966922.3,270419779.4,268550998.2,206457544.5,224446663.8,370173838.7,392278168.2,415843482,476388260.6,531109356.2,586795675.4,591839470.7,695990208.4,864654795.3,826798659.8,850633309.8,1099385895,989875559.1,1045790133,1053512334,1047808175,1178204501,1346933490
Equatorial Guinea,110906032.1,134707184.4,136047896.2,100807001.8,141853368.3,232463036.4,442337849.5,370687618.7,621117885.7,1045998496,1461139022,1806742742,2484745935,4410764339,8217369093,10086528699,13071718759,19749893536,15027795173,16298542028,21329395901,22389627294,21942597765,21736500713,13180194733,11259559879,12486753871
Greece,1.05143E+11,1.16225E+11,1.08809E+11,1.16602E+11,1.36878E+11,1.45862E+11,1.43158E+11,1.44428E+11,1.42541E+11,1.30134E+11,1.36191E+11,1.53831E+11,2.01924E+11,2.40521E+11,2.47783E+11,2.73318E+11,3.18498E+11,3.54461E+11,3.3E+11,2.99362E+11,2.87798E+11,2.45671E+11,2.39862E+11,2.3703E+11,1.95542E+11,1.92691E+11,2.00288E+11
Grenada,300757888.9,310160444.4,309812185.2,325111814.8,342172518.5,366911444.4,392190592.6,445903592.6,482009370.4,520044370.4,520444185.2,540336925.9,591018407.4,599118592.6,695370296.3,698700666.7,758683592.6,825977888.9,771278111.1,771015888.9,778648666.7,799882148.1,842620111.1,911481481.5,997007925.9,1056188593,1118816679
Greenland,1016493395,1037921837,927219728.9,1005879948,1208946166,1197509787,1072147778,1149862703,1131561595,1068030830,1086172923,1169138789,1558768614,1825157317,1849805733,2013099482,2249811709,2499107511,2529948330,2503156061,2684467376,2609667674,2669515517,2837737194,2520206900,2705891617,
Guatemala,9406097735,10440842165,11399942453,12983235568,14655404433,15674835615,17790026222,19395491993,18318412251,19288827159,18702802395,20776669467,21917706491,23965275996,27211377225,30231249362,34113107086,39136893345,37733994976,41338595381,47654841113,50388454861,53851058955,58722323918,63767597194,68663653469,75620095538
Guam,,,,,,,,,,,,3385000000,3560000000,3857000000,4197000000,4213000000,4375000000,4621000000,4781000000,4895000000,4928000000,5199000000,5337000000,5531000000,5697000000,5793000000,
Guyana,336708419.5,368281378.9,442273433.2,540874934.2,621626785.9,705406001.4,749138009.6,717530683.2,694754988.3,712667896.7,696281471.7,722460886.4,741929342.8,785918769.6,824880550.3,1458449453,1740334782,1922598121,2061323854,2273225042,2576024116,2861562266,2990006534,3077086276,3166029056,3504024213,3675631961
High income,2.02064E+13,2.17696E+13,2.19517E+13,2.35458E+13,2.61193E+13,2.63658E+13,2.5961E+13,2.60555E+13,2.73389E+13,2.7899E+13,2.76172E+13,2.86058E+13,3.20917E+13,3.57457E+13,3.78289E+13,3.99496E+13,4.37017E+13,4.64822E+13,4.3561E+13,4.57193E+13,4.9412E+13,4.94672E+13,5.00126E+13,5.10487E+13,4.83224E+13,4.92819E+13,5.14754E+13
"Hong Kong SAR, China",88959620136,1.04272E+11,1.20354E+11,1.35812E+11,1.44653E+11,1.59717E+11,1.77353E+11,1.68886E+11,1.65768E+11,1.71668E+11,1.69403E+11,1.66349E+11,1.61385E+11,1.691E+11,1.8157E+11,1.93536E+11,2.11597E+11,2.1928E+11,2.14046E+11,2.28638E+11,2.48514E+11,2.62629E+11,2.75697E+11,2.91459E+11,3.09384E+11,3.20881E+11,3.41449E+11
Honduras,3068444712,3419487441,3481990761,3432356579,3911053180,4034037162,4663193916,5202215657,5372543554,7103507989,7565869928,7775078403,8140271081,8772194250,9672035709,10841742348,12275501784,13789715133,14587496229,15839344592,17710315006,18528601901,18499710128,19756494435,20979767785,21643936939,22978532897
Heavily indebted poor countries (HIPC),1.33837E+11,1.21806E+11,1.25954E+11,1.11755E+11,1.27074E+11,1.32907E+11,1.39644E+11,1.43813E+11,1.43744E+11,1.55859E+11,1.48158E+11,1.60932E+11,1.83271E+11,2.11132E+11,2.43511E+11,2.92277E+11,3.48313E+11,4.21087E+11,4.23618E+11,4.68988E+11,5.2401E+11,5.64382E+11,6.12899E+11,6.50445E+11,6.40014E+11,6.52176E+11,7.28774E+11
Croatia,,,,,22387561845,23678012697,23822087053,25432144406,23386945597,21774273832,23289671102,26878499206,34658113497,41574530816,45416358502,50453577898,60093222709,70481451449,62703143057,59829574391,62375044443,56565475275,58085856019,57629518806,49425513611,51338524831,54849180229
Haiti,3473540602,2257121668,1878248741,2167564195,2813313279,2907514523,3338938830,3723909227,4153736347,3953846311,3596443005,3472191962,2960306121,3537720277,4310358096,4756204070,5885325590,6548530572,6584649419,6622541529,7516834160,7890216508,8452509316,8776350790,8724656126,7970649131,8408150518
Hungary,34748508332,38724945368,40119073326,43160392124,46418916500,46659796773,47290180589,48770466839,49170434391,47310623887,53821315066,67716887203,85324771841,1.04067E+11,1.13035E+11,1.15295E+11,1.39851E+11,1.57998E+11,1.30594E+11,1.30923E+11,1.40782E+11,1.27857E+11,1.35216E+11,1.40118E+11,1.22879E+11,1.25817E+11,1.39135E+11
IBRD only,3.71045E+12,3.69885E+12,3.96345E+12,4.34508E+12,4.87812E+12,5.33622E+12,5.65368E+12,5.49787E+12,5.33689E+12,5.79985E+12,5.88508E+12,5.97462E+12,6.72758E+12,8.00347E+12,9.56701E+12,1.13389E+13,1.41113E+13,1.69473E+13,1.64499E+13,1.99772E+13,2.36254E+13,2.51108E+13,2.65485E+13,2.74178E+13,2.58923E+13,2.60255E+13,2.86485E+13
IDA & IBRD total,4.027E+12,4.00575E+12,4.26242E+12,4.63198E+12,5.20985E+12,5.70186E+12,6.03182E+12,5.87403E+12,5.72167E+12,6.22442E+12,6.29875E+12,6.4179E+12,7.22958E+12,8.58821E+12,1.02438E+13,1.2157E+13,1.50671E+13,1.80981E+13,1.75809E+13,2.14288E+13,2.52804E+13,2.68961E+13,2.84875E+13,2.95105E+13,2.79157E+13,2.80057E+13,3.07418E+13
IDA total,3.17927E+11,3.08012E+11,2.99317E+11,2.85827E+11,3.30866E+11,3.64802E+11,3.76901E+11,3.75287E+11,3.84672E+11,4.24694E+11,4.13595E+11,4.43353E+11,5.02103E+11,5.84782E+11,6.76588E+11,8.18084E+11,9.55027E+11,1.15002E+12,1.13098E+12,1.45585E+12,1.65644E+12,1.78805E+12,1.94428E+12,2.10189E+12,2.0334E+12,1.98882E+12,2.09962E+12
IDA blend,1.28128E+11,1.29505E+11,1.19492E+11,1.1934E+11,1.40654E+11,1.56597E+11,1.58399E+11,1.51514E+11,1.57838E+11,1.7576E+11,1.69726E+11,1.84479E+11,2.10422E+11,2.54743E+11,3.00313E+11,3.8011E+11,4.34844E+11,5.19063E+11,4.8233E+11,7.10339E+11,8.15412E+11,8.9723E+11,9.73743E+11,1.05527E+12,9.85847E+11,9.24035E+11,9.15342E+11
Indonesia,1.16622E+11,1.28027E+11,1.58007E+11,1.76892E+11,2.02132E+11,2.2737E+11,2.15749E+11,95445547873,1.40001E+11,1.65021E+11,1.60447E+11,1.95661E+11,2.34772E+11,2.56837E+11,2.85869E+11,3.64571E+11,4.32217E+11,5.10229E+11,5.3958E+11,7.55094E+11,8.92969E+11,9.1787E+11,9.12524E+11,8.90815E+11,8.60854E+11,9.32256E+11,1.01554E+12
IDA only,1.89713E+11,1.77988E+11,1.79816E+11,1.66157E+11,1.89675E+11,2.07499E+11,2.18027E+11,2.23765E+11,2.26635E+11,2.48603E+11,2.43589E+11,2.58527E+11,2.91259E+11,3.29367E+11,3.75393E+11,4.3659E+11,5.18734E+11,6.29698E+11,6.50409E+11,7.38243E+11,8.33523E+11,8.81149E+11,9.60195E+11,1.03522E+12,1.03948E+12,1.06027E+12,1.18602E+12
Isle of Man,,,,,914727080.6,1023086919,1180919719,1382548250,1567465657,1563667800,1614595291,1897606791,2264911807,2758117365,2971167185,3344402193,5685988395,5827468750,5487083658,5920177689,6142169524,6433357030,6754330155,7428280402,6792417112,,
India,2.66502E+11,2.84364E+11,2.7557E+11,3.2291E+11,3.55476E+11,3.87656E+11,4.1032E+11,4.15731E+11,4.527E+11,4.62147E+11,4.78965E+11,5.08069E+11,5.99593E+11,6.99689E+11,8.08901E+11,9.20317E+11,1.20111E+12,1.18695E+12,1.32394E+12,1.65662E+12,1.82305E+12,1.82764E+12,1.85672E+12,2.03913E+12,2.10239E+12,2.27423E+12,2.59749E+12
Not classified,,,,,,,,,,,,,,,,,,,,,,,,,,,
Ireland,49847128533,55985506499,52480253169,57166037102,69222626263,75880632560,82826146132,90082034316,98691849563,99853528653,1.09134E+11,1.27945E+11,1.64285E+11,1.9387E+11,2.11651E+11,2.32086E+11,2.69918E+11,2.7502E+11,2.36311E+11,2.21951E+11,2.39019E+11,2.25572E+11,2.39389E+11,2.58099E+11,2.90617E+11,3.04819E+11,3.33731E+11
"Iran, Islamic Rep.",,,63743623232,71841461173,96419225744,1.20404E+11,1.13919E+11,1.10277E+11,1.13848E+11,1.09592E+11,1.26879E+11,1.28627E+11,1.53545E+11,1.90043E+11,2.26452E+11,2.66299E+11,3.49882E+11,4.06071E+11,4.14059E+11,4.8707E+11,5.835E+11,5.98853E+11,4.67415E+11,4.34475E+11,3.85874E+11,4.18977E+11,4.39514E+11
Iraq,,,,,,,,,,,,,,36627901762,49954890353,65140293688,88840050497,1.31614E+11,1.11661E+11,1.38517E+11,1.8575E+11,2.18001E+11,2.34648E+11,2.34648E+11,1.7964E+11,1.71489E+11,1.97716E+11
Iceland,6807365898,6976080331,6126456175,6294803497,7018100153,7330965239,7548912105,8453704212,8917286036,8927140438,8136345144,9207689916,11316441660,13722824251,16691490114,17048647568,21319946740,17658408759,12944114736,13310567803,14732689535,14292008745,15548321544,17304033021,16942247374,20304098101,23909289979
Israel,67530220219,75575902932,75954641355,86307135997,1.00343E+11,1.09957E+11,1.14725E+11,1.15979E+11,1.1719E+11,1.32339E+11,1.30706E+11,1.21069E+11,1.26865E+11,1.35445E+11,1.42463E+11,1.53967E+11,1.78707E+11,2.1584E+11,2.07419E+11,2.3361E+11,2.61629E+11,2.57297E+11,2.92489E+11,3.08417E+11,2.99094E+11,3.17748E+11,3.50851E+11
Italy,1.24211E+12,1.31581E+12,1.06145E+12,1.09559E+12,1.17079E+12,1.30893E+12,1.23905E+12,1.26631E+12,1.24856E+12,1.14176E+12,1.16232E+12,1.26651E+12,1.56965E+12,1.79831E+12,1.85266E+12,1.94263E+12,2.20305E+12,2.39073E+12,2.18516E+12,2.12506E+12,2.27629E+12,2.07282E+12,2.13049E+12,2.15173E+12,1.83287E+12,1.85938E+12,1.9348E+12
Jamaica,4071219198,3530892749,5405097571,5419134875,6538840170,7368000000,8375077443,8763219645,8851581633,8985352832,9178016493,9694169757,9399447609,10150978155,11204416000,11905525197,12824094990,13678606692,12038829246,13191645686,14439910353,14800165407,14274983016,13897723431,14186886643,14056908749,14768134912
Jordan,4344250257,5311329067,5605841536,6237739516,6727446632,6928359238,7246188575,7912327362,8149106065,8460424401,8975689845,9582453032,10195660790,11411390409,12588665303,15056929760,17110587447,21972004086,23820230000,26425379437,28840263380,30937277606,33593843662,35826925775,37517410282,38654727746,40068308516
Japan,3.58442E+12,3.90881E+12,4.45414E+12,4.90704E+12,5.44912E+12,4.83371E+12,4.41473E+12,4.03251E+12,4.56208E+12,4.88752E+12,4.30354E+12,4.11512E+12,4.44566E+12,4.81515E+12,4.75541E+12,4.53038E+12,4.51526E+12,5.03791E+12,5.23138E+12,5.7001E+12,6.15746E+12,6.20321E+12,5.15572E+12,4.85041E+12,4.39498E+12,4.94927E+12,4.87214E+12
Kazakhstan,24881135586,24906939560,23409027476,21250839258,20374307047,21035357833,22165932063,22135245413,16870817135,18291990619,22152694162,24636593223,30833699703,43151647003,57123671734,81003884545,1.0485E+11,1.33442E+11,1.15309E+11,1.48047E+11,1.92627E+11,2.07999E+11,2.36635E+11,2.21416E+11,1.84388E+11,1.37278E+11,1.59407E+11
Kenya,8151479004,8209129172,5751789915,7148145376,9046326060,12045858436,13115773738,14093998844,12896013577,12705357103,12986007426,13147743911,14904517650,16095337094,18737897745,25825524821,31958195182,35895153328,37021512049,40000088347,41954942417,50334699324,55096730083,61448046802,64007293815,70875289605,74938190655
Kyrgyz Republic,2570833333,2316562500,2028295455,1681006993,1661018519,1827570586,1767864036,1645963750,1249062025,1369693171,1525112242,1605640633,1919012781,2211535312,2460248026,2834168889,3802566171,5139957785,4690062255,4794357795,6197766119,6605139933,7335027592,7468096567,6678178340,6813092066,7564738836
Cambodia,,,2533727592,2791435272,3441205693,3506695720,3443413389,3120425503,3517242477,3677897739,3984000517,4284028483,4658246918,5337833248,6293046162,7274595707,8639235842,10351914093,10401851851,11242275199,12829541141,14054443213,15227991395,16702610842,18049954289,20016747754,22158209503
Kiribati,47515189.28,47737955.35,46919624.64,54832577.86,56338028.17,66515376.79,67537479.59,65334841.06,69032258.06,67254174.4,63101272.37,72196457.68,90231856.8,102367039.3,112133944.3,108545632.5,130754915.9,139125482.3,130465372,153275912.7,177142135.1,188045661.6,187153601.1,178869298.7,169140560.4,181551516.5,196150061.3
St. Kitts and Nevis,209880963,229434518.5,249676000,277567259.3,299699666.7,318742963,357237682.1,364975456.9,389984428.9,420515107.7,461078078.1,483120194.3,465850739.6,502561629.6,543167666.7,636218037,674008481.5,738942555.6,723209111.1,705015370.4,753225963,734462666.7,788163888.9,847778185.2,878281518.5,909854629.6,945854481.5
"Korea, Rep.",3.25734E+11,3.50051E+11,3.86303E+11,4.55603E+11,5.56131E+11,5.98099E+11,5.57503E+11,3.74241E+11,4.85248E+11,5.61633E+11,5.33052E+11,6.0902E+11,6.80521E+11,7.64881E+11,8.98137E+11,1.0118E+12,1.12268E+12,1.00222E+12,9.01935E+11,1.0945E+12,1.20246E+12,1.22281E+12,1.3056E+12,1.41133E+12,1.38276E+12,1.4148E+12,1.53075E+12
Kuwait,11008793176,19858555215,23941391391,24848483838,27191689008,31493987642,30354434553,25941929462,30121879435,37711864407,34890772742,38137545245,47875838926,59440108585,80797945205,1.01551E+11,1.14641E+11,1.47396E+11,1.059E+11,1.15419E+11,1.54028E+11,1.7407E+11,1.74161E+11,1.62631E+11,1.14567E+11,1.10912E+11,1.20126E+11
Latin America & Caribbean (excluding high income),1.14475E+12,1.01084E+12,1.19793E+12,1.39785E+12,1.4933E+12,1.62705E+12,1.79103E+12,1.79886E+12,1.59206E+12,1.79754E+12,1.7637E+12,1.71034E+12,1.71277E+12,1.95234E+12,2.37547E+12,2.78873E+12,3.29578E+12,3.83267E+12,3.59562E+12,4.47479E+12,5.04701E+12,5.06611E+12,5.18532E+12,5.34427E+12,4.37565E+12,4.26379E+12,4.72305E+12
Lao PDR,1028087972,1127806945,1327748655,1543606345,1763536305,1873671550,1747011857,1280177839,1454430642,1731198022,1768619058,1758176653,2023324407,2366398120,2735558726,3452882514,4222962988,5443915121,5832915387,7127792630,8749241114,10191350120,11942230508,13268458232,14390391264,15805707154,16853079615
Lebanon,4451497288,5545921947,7535259851,9599127050,11718795528,13690217333,15751867489,17247179006,17391056369,17260364842,17649751244,19152238806,20082918740,20955223881,21287562189,21796351575,24577114428,29227350570,35477118070,38419626628,40075674163,43868565282,46014226808,47833413749,49459296463,49598825982,51844487742
Liberia,348000000,223500000,160400000,132200000,134800000,159400000,295900000,359600000,441800000,529064600,521000000,543000000,416000000,474700000,550000000,604028900,739027200,850040500,1155147400,1292697100,1545400000,1735500000,1946500000,2013000000,2034000000,2101000000,2158000000
Libya,31995012469,33881392045,30657030223,28607921929,25544128199,27884615385,30698633109,27249786142,35976714101,38270206950,34110064452,20481889764,26265625000,33122307692,47334148578,54961936663,67516236338,87140405361,63028320702,74773444901,34699395524,81873662519,65502870174,41142722414,29274816454,32257171354,50984362478
St. Lucia,513753818.1,566894748.5,574870405.2,600005564.4,640449501.5,662196185.2,676949593.7,737554871.9,775934812.6,784159228.7,743808076,748346605.9,823837141.1,893107210.8,951207366,1134193630,1277494148,1282215407,1262973407,1381968259,1437684815,1436803333,1489928889,1551921037,1649142630,1667078704,1712306556
Latin America & Caribbean,1.44008E+12,1.3583E+12,1.56205E+12,1.79786E+12,1.91642E+12,2.07455E+12,2.27707E+12,2.29721E+12,2.07256E+12,2.28715E+12,2.23749E+12,2.00755E+12,2.05086E+12,2.3632E+12,2.85851E+12,3.34919E+12,3.94513E+12,4.58423E+12,4.30689E+12,5.34099E+12,6.0733E+12,6.13423E+12,6.28395E+12,6.40466E+12,5.50478E+12,5.36066E+12,5.95467E+12
Least developed countries: UN classification,1.58189E+11,1.43099E+11,1.42685E+11,1.33069E+11,1.51656E+11,1.66926E+11,1.76671E+11,1.77723E+11,1.79728E+11,2.03941E+11,1.94103E+11,2.09535E+11,2.37211E+11,2.72973E+11,3.20116E+11,3.76779E+11,4.58485E+11,5.71465E+11,5.82962E+11,6.61535E+11,7.57956E+11,8.05122E+11,8.74604E+11,9.44664E+11,9.28338E+11,9.29672E+11,1.06264E+12
Low income,1.18015E+11,1.06779E+11,1.05422E+11,86896752624,98940228999,1.12284E+11,1.17126E+11,1.18779E+11,1.2082E+11,1.41048E+11,1.33035E+11,1.42496E+11,1.54737E+11,1.77432E+11,2.05513E+11,2.3198E+11,2.76756E+11,3.36094E+11,3.52981E+11,3.84821E+11,4.36772E+11,4.73082E+11,5.16219E+11,5.54429E+11,5.3015E+11,5.0178E+11,5.49654E+11
Liechtenstein,1484152022,1631197909,1673104494,1948118228,2428461395,2504033252,2298410391,2479721341,2664026095,2483953103,2491822707,2688630823,3070691320,3454362686,3659251526,4000239273,4601299567,5081432924,4504549214,5082366478,5739977477,5456009385,6391735894,6657170923,6289165410,,
Sri Lanka,9000362582,9703011636,10338679636,11717604209,13029697561,13897738375,15091913884,15794972847,15656327860,16330814180,15749753805,16536535647,18881765437,20662525941,24405791045,28267410543,32351184234,40715240469,42067974595,56728002830,65289915890,68436230408,74294206491,79359306576,80554807486,81788375090,87174682200
Lower middle income,8.40337E+11,8.80597E+11,8.9117E+11,9.73253E+11,1.09348E+12,1.19897E+12,1.2357E+12,1.10901E+12,1.20632E+12,1.27116E+12,1.28147E+12,1.3764E+12,1.58398E+12,1.81225E+12,2.09123E+12,2.49327E+12,3.07462E+12,3.45189E+12,3.5423E+12,4.49146E+12,5.08511E+12,5.32824E+12,5.55166E+12,5.84097E+12,5.78882E+12,6.0368E+12,6.50416E+12
Low & middle income,3.70279E+12,3.61845E+12,3.85969E+12,4.18749E+12,4.71478E+12,5.16215E+12,5.46153E+12,5.28126E+12,5.16005E+12,5.66166E+12,5.74055E+12,6.02931E+12,6.7804E+12,8.03216E+12,9.57311E+12,1.13818E+13,1.41222E+13,1.69463E+13,1.65746E+13,2.02418E+13,2.38938E+13,2.55103E+13,2.70528E+13,2.80987E+13,2.65346E+13,2.66636E+13,2.92368E+13
Lesotho,704329192.8,831033941.1,835592802.3,878250450.6,1001889857,946123275.9,997996028.6,928458206,912771290.6,887295267.9,825706961.2,775780697.7,1157832935,1511236656,1682350935,1800105590,1820811281,1870722801,1865963015,2385950664,2788022889,2678494689,2526020566,2614576996,2505879960,2291319972,2639386291
Late-demographic dividend,2.23024E+12,2.07986E+12,2.15645E+12,2.46934E+12,3.01704E+12,3.32639E+12,3.48254E+12,3.3528E+12,3.09773E+12,3.40254E+12,3.5166E+12,3.72455E+12,4.24698E+12,5.10547E+12,6.16385E+12,7.43892E+12,9.37277E+12,1.1653E+13,1.12651E+13,1.35146E+13,1.64812E+13,1.76319E+13,1.90131E+13,1.97E+13,1.84644E+13,1.84676E+13,2.04529E+13
Lithuania,,,,,7870782261,8385109020,10120274493,11240360898,10972878636,11539211480,12252498921,14278357284,18802576988,22649930576,26125575942,30216060233,39738180077,47850551149,37440673478,37120517694,43476873413,42848195256,46417340375,48516371721,41508609233,42773029835,47168303744
Luxembourg,14321878795,16065740778,16486900187,18325791415,21588170498,21776609772,19731912494,20209122027,22235929043,21263514833,21272418792,23616328816,29557325056,34685281848,37347394603,42414308117,50888134410,55849686539,51370543206,53212476812,60004630234,56677961787,61739352212,66327344189,57784495265,58631324559,62404461275
Latvia,,,,,5788368511,5970044666,6525676264,7174985107,7533187605,7937758980,8350252966,9546441564,11748433157,14373269156,16922504045,21447021570,30901399261,35596016664,26169854045,23757368290,28223552825,28119996053,30254677297,31335013752,26972863394,27571513793,30264454642
"Macao SAR, China",3735117374,4879018602,5625533410,6265844252,6996034037,7122539667,7211264780,6742367273,6490571704,6720492406,6811227983,7322677820,8195033162,10585624891,12092222042,14789661809,18340447243,20917444920,21475520709,28123640999,36709860068,43031577366,51552075902,55347998648,45361678147,45310877913,50361201096
St. Martin (French part),,,,,,,,,,,,,,,,,,,,,,,,,,,
Morocco,32285388165,33711069431,31655473664,35604137423,39030285468,43161452678,39147844526,41806219379,41632027600,38857251336,39459581217,42236836821,52064058834,59626020162,62343022651,68640825481,79041294874,92507257784,92897320376,93216746662,1.0137E+11,98266306615,1.06826E+11,1.09881E+11,1.00593E+11,1.03606E+11,1.09139E+11
Monaco,2480497548,2737066956,2574439973,2720297739,3130270919,3137848783,2840182192,2934578789,2906009308,2647883820,2671401083,2905973022,3588988601,4110348444,4280072626,4663488363,5974371696,6919241412,5557245122,5350674803,6074884389,,,,,,
Moldova,,,,,1752975841,1695130457,1930071407,1639497207,1170785048,1288429151,1480656884,1661818168,1980901554,2598231467,2988338439,3408272498,4401154128,6054806101,5439422031,5811604052,7015206498,7284686576,7985349731,7983271111,6512899540,6795741776,8128493432
Madagascar,2653141959,3024459564,3370842211,2977040722,3159901232,3995028593,3545776697,3738704468,3717515283,3877673539,4529575348,4397254608,5474030080,4363934494,5039293031,5515884349,7342923489,9413002921,8550363975,8729936136,9892702358,9919780071,10601690872,10673516673,9744243531,10001193315,11499803807
Maldives,244468292.7,284853358.6,322326642.3,355884383.1,398988955,450382328,508223602.4,540096397.6,589239753.6,624337145.3,870179738.6,897031250,1052121055,1226829563,1163362438,1575200391,1868383461,2271646188,2345294875,2588176055,2774351760,2886170572,3295011382,3697351597,4006531188,4222767413,4597083304
Middle East & North Africa,5.53768E+11,6.03219E+11,6.07327E+11,6.33583E+11,7.0838E+11,8.02283E+11,8.32397E+11,8.0869E+11,8.66216E+11,9.66685E+11,9.70616E+11,9.6682E+11,1.0891E+12,1.27121E+12,1.53014E+12,1.79094E+12,2.12332E+12,2.6477E+12,2.36823E+12,2.76787E+12,3.28215E+12,3.57507E+12,3.55243E+12,3.56676E+12,3.1414E+12,3.14248E+12,3.26575E+12
Mexico,3.14454E+11,3.63609E+11,5.00736E+11,5.27813E+11,3.60074E+11,4.10976E+11,5.00413E+11,5.26502E+11,6.00233E+11,7.07907E+11,7.56706E+11,7.72106E+11,7.29336E+11,7.82241E+11,8.77476E+11,9.75387E+11,1.0527E+12,1.10999E+12,9.00045E+11,1.0578E+12,1.18049E+12,1.20109E+12,1.27444E+12,1.31439E+12,1.16962E+12,1.07691E+12,1.14992E+12
Marshall Islands,82507000,91063000,99461000,108071000,120230000,110858000,106289100,108702100,107978900,110937700,115152100,124735100,126887600,131334600,137928600,143930000,150776500,152788700,152617500,164969100,173260300,185210500,190800800,183121300,179697900,194497900,199399247.1
Middle income,3.58823E+12,3.51442E+12,3.75661E+12,4.10076E+12,4.61612E+12,5.05053E+12,5.34496E+12,5.16351E+12,5.04067E+12,5.52296E+12,5.60898E+12,5.88856E+12,6.62721E+12,7.85613E+12,9.3688E+12,1.11503E+13,1.38451E+13,1.66107E+13,1.62276E+13,1.98539E+13,2.34504E+13,2.50315E+13,2.65334E+13,2.75445E+13,2.60058E+13,2.61578E+13,2.86827E+13
"Macedonia, FYR",4694744898,2316618543,2550195043,3381270208,4449375346,4422160018,3735312143,3571043103,3673288264,3772851420,3709637830,4018365247,4946292775,5682719260,6258600714,6861222332,8336478142,9909548411,9401731496,9407168702,10494632699,9745251126,10817712139,11362272838,10051659161,10745787406,11337827332
Mali,2724131545,2830673389,2818280876,2081846483,2706425298,2780422212,2697105694,2920358587,3439463140,2954129566,3465305993,3889758024,4703504467,5444474268,6245031690,6899799786,8145694632,9750822511,10181021770,10678749467,12978107561,12442747897,13246412031,14388360064,13100058100,14034980334,15288163367
Malta,2750041434,3021910217,2709178327,2998570147,3439931907,3570271558,3705372039,3923637971,4127313818,4306192436,4331870648,4689832690,5456583589,6062780269,6394851387,6757119558,7880509171,8977149553,8528202278,8741059603,9507645260,9209559296,10145114180,11234045376,10574026838,11279535398,12537750732
Myanmar,,,,,,,,,,8905066164,6477790688,6777632512,10467109978,10567354056,11986972419,14502553710,20182477481,31862554102,36906181381,49540813342,59977326086,59937797559,60269734045,65446402659,59687373958,63225097051,69322122756
Middle East & North Africa (excluding high income),,,2.91245E+11,2.98673E+11,3.4055E+11,3.95321E+11,4.05762E+11,4.1157E+11,4.35303E+11,4.51181E+11,4.67356E+11,4.53678E+11,5.11781E+11,5.9292E+11,6.9842E+11,8.11375E+11,1.00283E+12,1.23537E+12,1.1959E+12,1.38352E+12,1.56852E+12,1.72826E+12,1.6232E+12,1.59741E+12,1.43524E+12,1.44468E+12,1.43175E+12
Montenegro,,,,,,,,,,984297589.4,1159869246,1284685051,1707710053,2073234418,2257174481,2721904403,3680710375,4545674528,4159330370,4139192053,4538198499,4087724528,4464261816,4587926231,4052913386,4374130531,4774086094
Mongolia,2379018326,1317611864,768401634.2,925817092.2,1452165005,1345719472,1180934203,1124440249,1057408589,1136896124,1267997934,1396555720,1595297356,1992066808,2523471532,3414055566,4234999823,5623216449,4583850368,7189481824,10409797649,12292770631,12582122604,12226514722,11749620620,11183458131,11488046881
Northern Mariana Islands,,,,,,,,,,,,1284000000,1239000000,1210000000,1061000000,990000000,938000000,939000000,795000000,799000000,733000000,751000000,784000000,845000000,933000000,1242000000,
Mozambique,3263761938,2291175765,2394823062,2460670288,2521738760,3523842275,4227273069,4873242526,5302532113,5016469069,4766928747,5031510909,5597367853,6831808930,7723846195,8312078525,9366742309,11494837053,10911698208,10154238250,13131168012,14534278446,16018848991,16961117243,14798399862,11014862242,12333859926
Mauritania,1443688870,1464392416,1249944999,1315932645,1415296704,1442598431,1401946853,1375115534,1405662879,1293654175,1295539448,1324426607,1563074860,1833444740,2184445123,3040716679,3356757064,3978425881,3670515288,4343665075,5179690136,5225533500,5724227185,5391475277,4844223107,4739298311,5024705934
Mauritius,2856890681,3224267548,3263368410,3558137040,4040345933,4421943910,4187367602,4169664285,4291172816,4582555125,4536538211,4767303154,5609831328,6385695187,6283803256,7028803366,8150138757,9990370016,9128843109,10003670690,11518393367,11668685524,12129642296,12803445934,11692287066,12232463656,13338147523
Malawi,2203545857,1799517082,2070636936,1181802596,1397457932,2281034131,2663234934,1750584265,1775921718,1743506531,1716502862,3495748398,3208837077,3476094499,3655909664,3997852636,4432192844,5320925102,6190991712,6959697194,8003300198,6028470989,5518901971,6054750320,6373201160,5433038647,6303277591
Malaysia,49142784405,59167157498,66894448545,74477975918,88704944179,1.00855E+11,1.00005E+11,72167753771,79148947368,93789736842,92783947368,1.00845E+11,1.10202E+11,1.2475E+11,1.43534E+11,1.62691E+11,1.93548E+11,2.30814E+11,2.02258E+11,2.55017E+11,2.97952E+11,3.14443E+11,3.23277E+11,3.38062E+11,2.96434E+11,2.96536E+11,3.145E+11
North America,6.78601E+12,7.13337E+12,7.45771E+12,7.88876E+12,8.27012E+12,8.73144E+12,9.26427E+12,9.72411E+12,1.034E+13,1.10306E+13,1.13619E+13,1.17394E+13,1.24072E+13,1.33026E+13,1.4268E+13,1.51767E+13,1.59485E+13,1.62738E+13,1.57957E+13,1.65836E+13,1.73121E+13,1.79851E+13,1.85397E+13,1.92327E+13,1.96863E+13,2.01663E+13,2.105E+13
Namibia,3012742078,3448326858,3218475900,3636645995,3942478206,3945340776,4102648720,3826527631,3818954448,3908661518,3546783708,3361251198,4931312147,6606858786,7261333795,7978734402,8740865600,8486721917,8876191121,11282192605,12409629836,13016272899,12717790505,12786078008,11769045772,11309232188,13244597345
New Caledonia,2653781596,2923764926,3070161471,3038727617,3628440275,3606968434,3291489841,3158806480,3056999988,2682347064,,,,,,,,,,,,,,,,,
Niger,2327986216,2344987614,1606581744,1563207225,1880803362,1987770899,1845599608,2076737357,2018193703,1798374468,1945327565,2170481509,2731416346,3052898739,3405134832,3646728060,4291363391,5403363917,5397121856,5718589799,6409169890,6942209336,7667949382,8229732168,7251323996,7606749314,8119732793
Nigeria,27392886873,29300903643,15789003753,18086400536,28546958641,34987951375,35822342618,32004613750,35870792988,46386011231,44137994252,59116847822,67655813930,87845420504,1.12248E+11,1.4543E+11,1.66451E+11,2.08065E+11,1.69481E+11,3.69062E+11,4.11744E+11,4.60954E+11,5.14966E+11,5.68499E+11,4.81066E+11,4.04653E+11,3.75771E+11
Nicaragua,1488804124,1792800000,1756454248,3863185119,4140470000,4308351903,4389965591,4635267225,4855717875,5107329007,5323146566,5224213018,5322454926,5795568205,6321335612,6763671611,7423377429,8496965842,8298695145,8758622329,9774316692,10532001130,10982972256,11880438824,12611087031,13184989878,13814261536
Netherlands,3.2332E+11,3.5833E+11,3.49038E+11,3.74291E+11,4.46529E+11,4.45705E+11,4.12199E+11,4.32476E+11,4.41975E+11,4.12807E+11,4.26574E+11,4.65369E+11,5.71863E+11,6.50533E+11,6.78534E+11,7.26649E+11,8.3942E+11,9.36228E+11,8.57933E+11,8.3639E+11,8.93757E+11,8.28947E+11,8.6668E+11,8.79635E+11,7.57999E+11,7.77228E+11,8.262E+11
Norway,1.21872E+11,1.30838E+11,1.20579E+11,1.27131E+11,1.52027E+11,1.63518E+11,1.61354E+11,1.54165E+11,1.62286E+11,1.71316E+11,1.74003E+11,1.95418E+11,2.28752E+11,2.64357E+11,3.08722E+11,3.45425E+11,4.01083E+11,4.62554E+11,3.86622E+11,4.29131E+11,4.98832E+11,5.10229E+11,5.23502E+11,4.99339E+11,3.86663E+11,3.71075E+11,3.98832E+11
Nepal,3921476085,3401211581,3660041667,4066775510,4401104418,4521580381,4918691917,4856255044,5033642384,5494252208,6007061224,6050875807,6330473097,7273938315,8130258041,9043715356,10325618017,12545438605,12854985464,16002656434,18913574371,18851513891,19271168018,20002968838,21410840909,21131983246,24472013234
Nauru,,,,,,,,,,,,,,,,,20432742.11,39333572.32,44290951.93,49248810.57,72751801.05,103811958.8,108601538.5,117020381.9,100459782.6,102060129.6,113884908.4
New Zealand,42756020707,41636005955,46712018141,55154160816,63918039320,70140835299,66074513018,56227696195,58762260626,52622842840,53872425917,66627729311,88250885550,1.03905E+11,1.14719E+11,1.11609E+11,1.37316E+11,1.3328E+11,1.21339E+11,1.46584E+11,1.68462E+11,1.76193E+11,1.90785E+11,2.00955E+11,1.77621E+11,1.89286E+11,2.05853E+11
OECD members,1.98134E+13,2.13067E+13,2.15968E+13,2.30786E+13,2.54407E+13,2.56607E+13,2.52771E+13,2.5542E+13,2.68362E+13,2.74067E+13,2.71574E+13,2.8339E+13,3.17344E+13,3.53189E+13,3.7336E+13,3.93641E+13,4.30343E+13,4.55598E+13,4.26174E+13,4.46473E+13,4.79787E+13,4.78936E+13,4.84735E+13,4.9485E+13,4.6749E+13,4.76582E+13,4.96264E+13
Oman,11341482445,12452275683,12493107932,12918855657,13802600780,15277763329,15837451235,14085373212,15710148244,19507412224,19452015605,20142782835,21633810143,24763589077,31081924577,37215864759,42085305592,60905331599,48388296489,58642392718,67937581274,76689206762,78938881664,81076723017,68905071521,66824447334,72642652796
Other small states,55821649190,60903624961,57941641985,60690298587,69541660471,73430895913,76671211418,75164251925,80896450482,91668724258,91131313889,98282956417,1.21784E+11,1.51393E+11,1.84287E+11,2.17287E+11,2.65448E+11,3.25405E+11,2.78728E+11,3.23946E+11,4.00506E+11,4.1881E+11,4.35102E+11,4.47242E+11,3.72657E+11,3.64419E+11,4.02189E+11
Pakistan,45451960732,48635176853,51478304860,51894781282,60636022423,63320122807,62433300338,62191955814,62973855719,73952374970,72309738921,72306820396,83244801093,97977766198,1.09502E+11,1.37264E+11,1.52386E+11,1.70078E+11,1.68153E+11,1.77407E+11,2.13587E+11,2.24384E+11,2.31219E+11,2.44361E+11,2.70556E+11,2.78655E+11,3.04952E+11
Panama,7074675500,8042337700,8782585400,9365289800,9573813700,9870494000,10677286100,11575486400,12130252200,12304115000,12502013400,12994310400,13693981200,15013381700,16374393900,18141666300,21295984200,25155888600,27116635600,29440287600,34686224300,40429734400,45599994000,49921464400,54315722500,57820916600,61838175800
Peru,34672122381,36139225288,35158109999,44882079767,53312793687,55252414130,58147522523,55501467877,50187324568,51744749133,52030158775,54777553515,58731030122,66768703498,76060606061,88643193062,1.02171E+11,1.20551E+11,1.20823E+11,1.47529E+11,1.71762E+11,1.92649E+11,2.01218E+11,2.01081E+11,1.89927E+11,1.9164E+11,2.11389E+11
Philippines,45417561302,52976344929,54368083953,64084460124,74119987245,82848140618,82344260571,72207028767,82995145792,81026300311,76262072468,81357605642,83908206648,91371242496,1.03072E+11,1.22211E+11,1.4936E+11,1.74195E+11,1.68335E+11,1.99591E+11,2.24143E+11,2.50092E+11,2.71836E+11,2.84585E+11,2.92774E+11,3.04889E+11,3.13595E+11
Palau,,,,,,,,,,144769900,155441800,161958700,152771900,164166000,184683500,188044800,193119700,196845300,182679900,182843800,193208100,214597500,225269300,245560300,293082900,302699800,291544300
Papua New Guinea,3787394958,4377980510,4974550286,5502786070,4636057476,5155311077,4936615299,3789443015,3477038204,3521339699,3081024212,2999511040,3536411824,3927157867,4865892972,8306343442,9545071325,11670678864,11619541940,14250726290,17984816533,21295834133,21261305413,23060047128,20638636035,19904808312,21088758485
Poland,85500935935,94337050693,96045645026,1.10803E+11,1.42137E+11,1.59943E+11,1.59118E+11,1.74388E+11,1.69718E+11,1.71886E+11,1.90521E+11,1.98681E+11,2.17513E+11,2.55102E+11,3.06125E+11,3.44749E+11,4.29064E+11,5.33816E+11,4.39796E+11,4.79321E+11,5.28832E+11,5.00361E+11,5.24234E+11,5.4518E+11,4.77356E+11,4.714E+11,5.2451E+11
Pre-demographic dividend,1.64645E+11,1.544E+11,1.40369E+11,1.28009E+11,1.55887E+11,1.72892E+11,1.80625E+11,1.78732E+11,1.8101E+11,2.11165E+11,2.00128E+11,2.36133E+11,2.73152E+11,3.32155E+11,4.11438E+11,5.15552E+11,6.31178E+11,8.07316E+11,7.31989E+11,1.01135E+12,1.17223E+12,1.28852E+12,1.41049E+12,1.50351E+12,1.30627E+12,1.20709E+12,1.29707E+12
Puerto Rico,32287031000,34630430000,36922456000,39690630000,42647331000,45340835000,48187039000,54086400000,57841000000,61701800000,69208400000,71623500000,74827400000,80322313000,83914521300,87276164400,89524131600,93639316000,96385638000,98381268000,1.00352E+11,1.01565E+11,1.0245E+11,1.02446E+11,1.03144E+11,1.05035E+11,
"Korea, Dem. Peoples Rep.",,,,,,,,,,,,,,,,,,,,,,,,,,,
Portugal,89242382961,1.07603E+11,95019103603,99698453261,1.18134E+11,1.2263E+11,1.17046E+11,1.23982E+11,1.27466E+11,1.18358E+11,1.21546E+11,1.34229E+11,1.64964E+11,1.89187E+11,1.97305E+11,2.08567E+11,2.40169E+11,2.62008E+11,2.43746E+11,2.38303E+11,2.44895E+11,2.16368E+11,2.26073E+11,2.2963E+11,1.9942E+11,2.05184E+11,2.17571E+11
Paraguay,6984367763,7157424031,7249533620,7870982171,9062131308,9788391733,9965225497,9024567484,8392549702,8195993231,7662595076,6325151760,6588103836,8033877360,8734653809,10646157920,13794910634,18504130753,15929902138,20030528043,25099681461,24595319574,28965906502,30881166852,27282581336,27424071373,29734895249
West Bank and Gaza,,,,2843300000,3282800000,3409600000,3759800000,4067800000,4271200000,4313600000,4003700000,3555800000,3968000000,4329200000,4831800000,4910100000,5505800000,6673500000,7268200000,8913100000,10465400000,11279400000,12476000000,12715600000,12673000000,13425700000,14498100000
Pacific island small states,2573270952,2831265159,2996482340,3457419760,3730022506,3999202538,3989992696,3409657276,3728523775,3444121191,3371103515,3545578158,4151877953,4792908297,5264858279,5536876353,6077329195,6554307187,5774704218,6413682686,7627779125,8146587825,8442587805,8798000775,8587236272,9027150901,9687357499
Post-demographic dividend,1.9372E+13,2.07919E+13,2.09378E+13,2.24217E+13,2.48589E+13,2.49894E+13,2.45184E+13,2.46225E+13,2.58468E+13,2.62897E+13,2.60445E+13,2.71646E+13,3.04733E+13,3.3859E+13,3.56413E+13,3.74878E+13,4.08843E+13,4.31963E+13,4.06719E+13,4.24109E+13,4.55285E+13,4.5463E+13,4.58602E+13,4.67897E+13,4.42804E+13,4.52574E+13,4.7087E+13
French Polynesia,3267367610,3558215110,3694600400,3522272321,3982374846,3954696874,3567062512,3775160797,3797016069,3447543138,,,,,,,,,,,,,,,,,
Qatar,6883516484,7646153984,7156593654,7374450769,8137911978,9059340385,11297802115,10255495027,12393131868,17759890110,17538461538,19363736264,23533791209,31734065934,44530494505,60882142857,79712087912,1.1527E+11,97798351648,1.25122E+11,1.67775E+11,1.86834E+11,1.98728E+11,2.06225E+11,1.64641E+11,1.52452E+11,1.67605E+11
Romania,28998684211,25121666667,26362894737,30074440483,37662075750,37182938696,35838588170,41976002704,36183003978,37438527800,40716836998,46174557556,59867801205,76216441462,99697566668,1.23533E+11,1.75934E+11,2.13605E+11,1.72612E+11,1.66658E+11,1.84367E+11,1.71665E+11,1.91549E+11,1.99493E+11,1.77911E+11,1.87806E+11,2.11803E+11
Russian Federation,5.17963E+11,4.60291E+11,4.35084E+11,3.95077E+11,3.95531E+11,3.9172E+11,4.04927E+11,2.70953E+11,1.95906E+11,2.59708E+11,3.06603E+11,3.4511E+11,4.30348E+11,5.91017E+11,7.64017E+11,9.89931E+11,1.29971E+12,1.66084E+12,1.22264E+12,1.52492E+12,2.05166E+12,2.21026E+12,2.29713E+12,2.06366E+12,1.3684E+12,1.28473E+12,1.57752E+12
Rwanda,1911600970,2029026704,1971525999,753636370.5,1293535011,1382334879,1851558302,1989343495,1817654508,1734938652,1674685248,1677552332,1846198771,2088961969,2581313486,3152324689,3824788145,4860093843,5378925895,5773084568,6563320570,7334917697,7621923308,8016591928,8277613194,8475681533,9136689514
South Asia,3.57724E+11,3.7983E+11,3.7624E+11,4.26649E+11,4.74034E+11,5.18625E+11,5.44006E+11,5.51628E+11,5.90949E+11,6.14756E+11,6.30832E+11,6.6325E+11,7.74467E+11,8.97927E+11,1.02864E+12,1.17624E+12,1.48869E+12,1.51564E+12,1.66559E+12,2.04214E+12,2.272E+12,2.29791E+12,2.35685E+12,2.58199E+12,2.69527E+12,2.90312E+12,3.29174E+12
Saudi Arabia,1.32223E+11,1.37088E+11,1.32968E+11,1.35175E+11,1.43343E+11,1.58662E+11,1.65964E+11,1.46775E+11,1.61717E+11,1.89515E+11,1.84137E+11,1.89606E+11,2.15808E+11,2.58742E+11,3.2846E+11,3.769E+11,4.15965E+11,5.19797E+11,4.29098E+11,5.28207E+11,6.71239E+11,7.35975E+11,7.46647E+11,7.5635E+11,6.5427E+11,6.44936E+11,6.83827E+11
Sudan,11379222222,7034219713,8881785938,12794192334,13829744879,9018243044,11681494637,11250327988,10682045258,12257418326,13182979784,14803189093,17646503525,21457470203,26524538566,35822408612,45898948564,54526580232,53150209168,65634109237,67327289320,68125631150,72065940086,82151588419,97156119150,95584380032,1.17488E+11
Senegal,5617236033,6004885321,5678827999,3877196915,4878719133,5065830414,4672503920,5030344074,5144045360,4679604754,4877602060,5333862371,6858952880,8031344381,8707015771,9358710935,11284603071,13439023281,12814961485,12948906289,14390776644,14225310519,14851057085,15304363138,13640668374,14683747154,16374743753
Singapore,45474442836,52156414979,60644572348,73777792327,87890009877,96403758865,1.00164E+11,85707636233,86283126844,95833932715,89286208629,91941192896,97001377569,1.14189E+11,1.27418E+11,1.47797E+11,1.79981E+11,1.92226E+11,1.92408E+11,2.36422E+11,2.75967E+11,2.90674E+11,3.04454E+11,3.11539E+11,3.04098E+11,3.09764E+11,3.23907E+11
Solomon Islands,320355090.6,378778047.2,410923236.2,464756638.5,519334096.7,565163750.6,567919502.8,471177008.1,482214092.3,435103853.5,400463452.1,341661643.6,332738245.9,375111894.9,413909879.3,456705434,516074229,608293860.3,597765363.1,681151190,932725578.8,1063879451,1129787202,1172268296,1154650066,1232699140,1303453616
Sierra Leone,779981458.9,679997997.6,768812334.8,911915970.7,870758739.4,941742152.7,850218033.6,672375927.3,669384768.9,635874002.2,1090467712,1253340520,1385810072,1448536631,1650494367,1885112202,2158496873,2505458705,2453899847,2578026297,2942546781,3801862611,4920343195,5015157816,4218723875,3556036535,3774270392
El Salvador,5252342400,5813399300,6680269200,7679384000,8921947100,9586327800,10221705900,10936669900,11284197000,11784927700,12282533600,12664190300,13243892200,13724810900,14698001400,15999886400,17011750900,17986886200,17601616000,18447922400,20283783700,21386153000,21977401900,22585841200,23166030400,23912227500,24805439600
San Marino,,,,,,,,,1215640315,1101897918,1160626398,1253529080,1600451467,1877328036,1958711603,2092585623,2488365727,2752307016,2363156432,2139072848,2054489853,1800077091,1865374403,1845561895,1569258068,1590707965,1658778454
Somalia,,,,,,,,,,,,,,,,,,,,,,,6486974549,6568443573,6631336625,6752653099,7368560695
Serbia,,,,,16750000000,20948677840,24147996550,18284194680,18409364147,6540247190,12267175481,16116843146,21188704081,24861483281,26252007830,30607991862,40289556656,49259526053,42616653300,39460357731,46466728667,40742313861,45519650911,44210806366,37160332465,38299854688,41431648801
Sub-Saharan Africa (excluding high income),3.17101E+11,3.15454E+11,2.99427E+11,2.91471E+11,3.36698E+11,3.47591E+11,3.59684E+11,3.39308E+11,3.41571E+11,3.6629E+11,3.41013E+11,3.65513E+11,4.66828E+11,5.81412E+11,6.82877E+11,7.9966E+11,9.3026E+11,1.0649E+12,1.02231E+12,1.36331E+12,1.53739E+12,1.61227E+12,1.70144E+12,1.78251E+12,1.60869E+12,1.51105E+12,1.64723E+12
South Sudan,,,,,,,,,,,,,,,,,,,,,17273335564,11266779661,14940338983,15099661017,10906867790,2904114903,
Sub-Saharan Africa,3.17476E+11,3.15889E+11,2.99904E+11,2.9196E+11,3.37209E+11,3.48097E+11,3.6025E+11,3.3992E+11,3.42197E+11,3.66909E+11,3.41639E+11,3.66214E+11,4.67538E+11,5.82255E+11,6.838E+11,8.0068E+11,9.31297E+11,1.06587E+12,1.02316E+12,1.36427E+12,1.53845E+12,1.61333E+12,1.70277E+12,1.78385E+12,1.61006E+12,1.51247E+12,1.64871E+12
Small states,75943887165,80862200062,79656606277,83879533411,95021940316,1.01201E+11,1.08626E+11,1.08352E+11,1.16362E+11,1.2917E+11,1.29567E+11,1.38698E+11,1.65354E+11,1.99322E+11,2.38335E+11,2.7744E+11,3.32196E+11,4.00835E+11,3.42552E+11,3.93491E+11,4.76513E+11,4.97533E+11,5.14924E+11,5.28565E+11,4.52163E+11,4.41234E+11,4.81208E+11
Sao Tome and Principe,,,,,,,,,,,71630592.22,79863374.95,95544010.78,104486043.5,125146438.7,133324919,144616696.8,188021168.8,187821029,197454053.1,233213522.6,252560557.1,302925489.7,348941656.8,315520894.9,354238109.3,390871568.6
Suriname,448300000,404600000,428794117.6,605492537.3,693970588.2,860630922.7,929607500,945000000,885444186,892164393.9,763465550.5,1078402128,1271196078,1484092538,1793754805,2626380435,2936612022,3532969035,3875409836,4368398048,4422276622,4980000000,5145757576,5240606061,4826587058,3278425328,3324385325
Slovak Republic,14213045494,15431288006,16452201101,20079363626,25733043137,27821913815,27660149541,29828899206,30415095887,29114875622,30703017450,35083608131,46731767494,57240535138,62697540107,70596729394,86304245825,1.00325E+11,88945625174,89501012916,98181259740,93413992956,98478349315,1.00948E+11,87501423882,89768598023,95769031980
Slovenia,,,,,21273055398,21480023017,20749140606,22125435372,22689994990,20342201356,20875387068,23563576758,29697448108,34470227454,36346974008,39587732029,48114688201,55589849128,50244793832,48013606745,51290792018,46352802766,48116256926,49904928335,43072415017,44708598649,48769655479
Sweden,2.70363E+11,2.80312E+11,2.09951E+11,2.2608E+11,2.64052E+11,2.88104E+11,2.64478E+11,2.668E+11,2.70848E+11,2.59802E+11,2.39917E+11,2.63926E+11,3.31109E+11,3.81705E+11,3.89042E+11,4.20032E+11,4.87816E+11,5.13966E+11,4.29657E+11,4.88378E+11,5.6311E+11,5.43881E+11,5.78742E+11,5.73818E+11,4.97918E+11,5.1446E+11,5.3804E+11
Eswatini,1156141998,1284766234,1357206996,1419293455,1698982438,1602760100,1716699913,1576904292,1547884442,1738100853,1542477309,1432228125,2197612701,2770082792,3178126492,3291353836,3469363996,3294093485,3580417067,4438778424,4820499924,4823831657,4560713074,4377293816,4020275298,3720649375,4408564260
Sint Maarten (Dutch part),,,,,,,,,,,,,,,,,,,,,,,,,,,
Seychelles,374359556.1,433667193.8,473916819.5,486451204.6,508221508.2,503068472.2,562958836.5,608369282.2,622985493.7,614879764.8,622262057.2,697518248.2,705704816,839319927.3,919103254.5,1016418229,1033561654,967199594,847397850.1,969936525.3,1065826670,1059498884,1328091524,1342997306,1375604279,1425929444,1485994387
Syrian Arab Republic,12981833333,13253565899,13695962019,10122020000,11396706587,13789560878,14505233969,15200846138,15873875969,19325894913,21099833784,21582248882,21828144686,25086930693,28858965517,33332844575,40405006007,,,,,,,,,,
Turks and Caicos Islands,,,,,,,,,,,,,,,,,,,,,,,,,,,
Chad,1877138042,1881847677,1463251055,1179837955,1445919970,1607345450,1544689503,1744794457,1534673583,1385058162,1709347793,1987622279,2736666516,4414929220,6646663561,7422102656,8638711443,10351932604,9253484108,10657705536,12156380425,12368071039,12949854263,13922223234,10985793715,9412034269,9981303726
East Asia & Pacific (IDA & IBRD countries),7.18052E+11,8.04653E+11,8.83381E+11,1.06264E+12,1.31157E+12,1.50647E+12,1.5604E+12,1.43016E+12,1.57319E+12,1.7316E+12,1.84234E+12,2.03905E+12,2.30798E+12,2.67669E+12,3.10087E+12,3.73488E+12,4.72345E+12,5.97985E+12,6.48617E+12,7.86712E+12,9.61724E+12,1.07289E+13,1.18418E+13,1.27329E+13,1.32456E+13,1.34834E+13,1.4714E+13
Europe & Central Asia (IDA & IBRD countries),1.00841E+12,9.44225E+11,9.3123E+11,8.37243E+11,9.18931E+11,9.47705E+11,9.79133E+11,9.46229E+11,8.20214E+11,8.9194E+11,9.07525E+11,1.01903E+12,1.25494E+12,1.62257E+12,2.0324E+12,2.45892E+12,3.16077E+12,3.91157E+12,3.10023E+12,3.63443E+12,4.41986E+12,4.61148E+12,4.89378E+12,4.62459E+12,3.60163E+12,3.46604E+12,3.87986E+12
Togo,1602299863,1692959110,1233496846,982624324.5,1309382885,1465448290,1498950899,1587345951,1576094566,1294250233,1332328999,1474630207,1673690430,1937074572,2115154262,2202809251,2523462557,3163416242,3163000529,3172945645,3756023160,3866618282,4080929201,4482880424,4087775415,4388569576,4812554346
Thailand,98234695722,1.11453E+11,1.2889E+11,1.46683E+11,1.69279E+11,1.83035E+11,1.5018E+11,1.13676E+11,1.26669E+11,1.26392E+11,1.20297E+11,1.34301E+11,1.52281E+11,1.72895E+11,1.89318E+11,2.21758E+11,2.62943E+11,2.91383E+11,2.8171E+11,3.41105E+11,3.70819E+11,3.97558E+11,4.20333E+11,4.07339E+11,4.01399E+11,4.11755E+11,4.55221E+11
Tajikistan,2534720480,1909246641,1646693642,1346074611,1231523035,1043893063,921843144.2,1320126706,1086567378,860550305.8,1080774007,1221113780,1554125531,2076148696,2312319579,2830236054,3719497371,5161336170,4979481980,5642178580,6522732203,7633049792,8506674783,9236309138,7853450374,6951657159,7145701019
Turkmenistan,3208098919,3200539816,3179225949,2561118608,2482228440,2379281768,2450084970,2605688065,2450686660,2904662605,3534803922,4461978499,5977560877,6838351088,8104355717,10277598152,12664165103,19271523179,20214385965,22583157895,29233333333,35164210526,39197543860,43524210526,35799628571,36179885714,42355428571
Latin America & the Caribbean (IDA & IBRD countries),1.37227E+12,1.29059E+12,1.49084E+12,1.7165E+12,1.82942E+12,1.98932E+12,2.1849E+12,2.19774E+12,1.96647E+12,2.17357E+12,2.11518E+12,1.88112E+12,1.91847E+12,2.22141E+12,2.70581E+12,3.18122E+12,3.76665E+12,4.39856E+12,4.11881E+12,5.14637E+12,5.87041E+12,5.92533E+12,6.07027E+12,6.187E+12,5.27806E+12,5.13444E+12,5.70471E+12
Timor-Leste,,,,,,,,,,439543789.9,517685310,510739436.3,543358124.6,1078398152,1813734851,2657852897,2881025963,4391333476,3199550317,3998696649,5681940845,6671047974,5649813361,4045377828,3104426021,2521007679,2954621000
Middle East & North Africa (IDA & IBRD countries),,,2.88738E+11,2.96103E+11,3.3762E+11,3.91919E+11,4.02271E+11,4.08028E+11,4.31557E+11,4.47298E+11,4.63334E+11,4.50128E+11,5.07822E+11,5.8862E+11,6.93624E+11,8.06509E+11,9.97382E+11,1.22877E+12,1.18867E+12,1.37462E+12,1.55806E+12,1.717E+12,1.61066E+12,1.5846E+12,1.42243E+12,1.43108E+12,1.41701E+12
Tonga,132201141.4,137066290.6,138489884.4,193775943,202547013.9,219583570.1,212155124.7,188686997.3,196686674.7,202363492.2,181244788.5,182737040.1,202543202,229358214.8,262176133.7,294137737.1,300143056.9,349484427.6,318166562.8,369485198.8,423011844.3,472358251.2,450686353.7,443911052.3,435438217.3,401562006.2,426057453.1
South Asia (IDA & IBRD),3.57724E+11,3.7983E+11,3.7624E+11,4.26649E+11,4.74034E+11,5.18625E+11,5.44006E+11,5.51628E+11,5.90949E+11,6.14756E+11,6.30832E+11,6.6325E+11,7.74467E+11,8.97927E+11,1.02864E+12,1.17624E+12,1.48869E+12,1.51564E+12,1.66559E+12,2.04214E+12,2.272E+12,2.29791E+12,2.35685E+12,2.58199E+12,2.69527E+12,2.90312E+12,3.29174E+12
Sub-Saharan Africa (IDA & IBRD countries),3.17476E+11,3.15889E+11,2.99904E+11,2.9196E+11,3.37209E+11,3.48097E+11,3.6025E+11,3.3992E+11,3.42197E+11,3.66909E+11,3.41639E+11,3.66214E+11,4.67538E+11,5.82255E+11,6.838E+11,8.0068E+11,9.31297E+11,1.06587E+12,1.02316E+12,1.36427E+12,1.53845E+12,1.61333E+12,1.70277E+12,1.78385E+12,1.61006E+12,1.51247E+12,1.64871E+12
Trinidad and Tobago,5307905882,5439552941,4669488516,4947205860,5329214163,5759537726,5737751332,6043694330,6808982521,8154338233,8824873259,9008273721,11305459802,13280275123,15982282462,18369070085,21642304046,27870257894,19175196446,22157948396,25433011405,25622915889,26578524198,27199856454,24402499451,22320008403,22104775828
Tunisia,13074782609,15497286296,14608946896,15632463424,18030876599,19587322786,20746360430,21803372267,22943685719,21473188882,22066101341,23142294436,27453084983,31183139301,32273007554,34378437265,38908069299,44856586316,43454935940,44050929160,45810626509,45044112939,46251061734,47587913059,43156708809,42062549395,40256675209
Turkey,1.50028E+11,1.58459E+11,1.8017E+11,1.3069E+11,1.69486E+11,1.81476E+11,1.89835E+11,2.75769E+11,2.55884E+11,2.72979E+11,2.00252E+11,2.38428E+11,3.11823E+11,4.04787E+11,5.01416E+11,5.52487E+11,6.7577E+11,7.64336E+11,6.4464E+11,7.71902E+11,8.32524E+11,8.73982E+11,9.50579E+11,9.34186E+11,8.59797E+11,8.63722E+11,8.51102E+11
Tuvalu,9365165.914,9742949.471,9630762.954,10886825.56,11025945.14,12334846.23,12700905.45,12757632.87,13687141.11,13742057.05,13196544.95,15450994.24,18231078.54,21534931.61,21839098.89,22902861.45,27030374.03,30290219.76,27101076.28,31823518.62,38711827.75,37671734.83,37509122.07,37290587.5,35556038.82,36572611.89,39731317.3
Tanzania,4956588279,4601413264,4257702197,4510846968,5255221425,6496195451,7683852497,9345174219,9697847264,10185786383,10383560603,10805599893,11659129889,12825801581,16929976600,18610460327,21501741757,27368386358,28573777052,31407908612,33878631649,39087748240,44413616116,48219734752,45623490992,47388395823,52090320325
Uganda,3321729057,2857457860,3220439044,3990430447,5755818947,6044585327,6269333313,6584815847,5998563258,6193246837,5840503869,6178563591,6336696289,7940362799,9013834373,9942597780,12292813603,14239026630,18168902154,20186496527,20176025418,23114293019,24599550742,27291880327,27102650472,24078931744,25891058946
Ukraine,77464561150,73942235330,65648559903,52549555149,48213868178,44558077827,50150399792,41883241472,31580639045,31261527363,38009344577,42392896031,50132953288,64883060726,86142018069,1.07753E+11,1.42719E+11,1.79992E+11,1.17228E+11,1.36013E+11,1.6316E+11,1.75781E+11,1.8331E+11,1.33503E+11,91030959455,93270479389,1.12154E+11
Upper middle income,2.74826E+12,2.63314E+12,2.86561E+12,3.1277E+12,3.52286E+12,3.85181E+12,4.10934E+12,4.0541E+12,3.83466E+12,4.25184E+12,4.32758E+12,4.51205E+12,5.04289E+12,6.04387E+12,7.27757E+12,8.65703E+12,1.07705E+13,1.31589E+13,1.26853E+13,1.53624E+13,1.83653E+13,1.97033E+13,2.09818E+13,2.17035E+13,2.02108E+13,2.01089E+13,2.21684E+13
Uruguay,11205971155,12878199881,15002106518,17474647792,19297663097,20515543039,23969823010,25385928198,23983945191,22823255802,20898788417,13606494599,12045631093,13686329890,17362857684,19579457966,23410572634,30366213119,31660911277,40284481652,47962439304,51264390116,57531233351,57236013086,53274304222,52687612262,56156972158
United States,6.17404E+12,6.5393E+12,6.87872E+12,7.30876E+12,7.66406E+12,8.1002E+12,8.60852E+12,9.08917E+12,9.66062E+12,1.02848E+13,1.06218E+13,1.09775E+13,1.15107E+13,1.22749E+13,1.30937E+13,1.38559E+13,1.44776E+13,1.47186E+13,1.44187E+13,1.49644E+13,1.55179E+13,1.61553E+13,1.66915E+13,1.74276E+13,1.81207E+13,1.86245E+13,1.93906E+13
Uzbekistan,13677622222,12941297376,13099013836,12899156991,13350468917,13948892216,14744603774,14988971211,17078465982,13760374488,11401351420,9687951055,10128112401,12030023548,14307509839,17330833853,22311393928,29549438884,33689223673,39332770929,45915191189,51821573338,57690453461,63067077179,66903804143,67067565989,48717685984
St. Vincent and the Grenadines,254829629.6,277954111.1,286307814.8,289438481.5,316008481.5,331489703.7,347770000,373619851.9,390719148.1,396270000,430040370.4,461883444.4,481806296.3,521975111.1,550728666.7,610930037,651833333.3,695428851.9,674922481.5,681225963,676129407.4,692933740.7,721207148.1,725185185.2,756666666.7,765555555.6,789629629.6
"Venezuela, RB",51749026408,58450099415,58124193833,56531046465,74906532240,68263823149,85843534589,91331203433,97976886247,1.17141E+11,1.22904E+11,92893587734,83620628582,1.12453E+11,1.4551E+11,1.83478E+11,2.30364E+11,3.15953E+11,3.29788E+11,3.93192E+11,3.16482E+11,3.81286E+11,3.71005E+11,4.82359E+11,,,
British Virgin Islands,,,,,,,,,,,,,,,,,,,,,,,,,,,
Virgin Islands (U.S.),1671200000,1770899968,1996000000,,,,,,,,,3269000000,3453000000,3799000000,4439000000,4504000000,4803000000,4250000000,4203000000,4339000000,4239000000,4095000000,3764000000,3624000000,3765000000,,
Vietnam,9613369520,9866990236,13180953598,16286433533,20736164459,24657470575,26843700442,27209602050,28683659007,31172518403,32685198735,35064105501,39552513316,45427854693,57633255618,66371664817,77414425532,99130304099,1.06015E+11,1.15932E+11,1.35539E+11,1.5582E+11,1.71222E+11,1.86205E+11,1.93241E+11,2.05276E+11,2.23864E+11
Vanuatu,188869985.7,196142585,188080374.4,219260341.1,233902114.9,245177633.2,255890221.8,262301252.8,267999225.3,272014693.1,257926881.7,262603781.8,314463144,364996869.1,394962552.3,439376794.1,526428309.9,607958616.1,610066628.7,700804286.2,792149700.7,781702874.1,801787555.9,814954307,737917151.4,787942567.4,862879789.4
World,2.39172E+13,2.54053E+13,2.58238E+13,2.77463E+13,3.0848E+13,3.15392E+13,3.1431E+13,3.13466E+13,3.2512E+13,3.35712E+13,3.33674E+13,3.46448E+13,3.88829E+13,4.37877E+13,4.74118E+13,5.1341E+13,5.78333E+13,6.34335E+13,6.01384E+13,6.59567E+13,7.32973E+13,7.49656E+13,7.70506E+13,7.91314E+13,7.48427E+13,7.59368E+13,8.06838E+13
Samoa,125597205.4,132303041.4,133122897.2,221098106.5,224865731.4,249908970.7,285475591.9,269481523.2,258833766.6,269019710.3,273088357.2,288078881.4,338838639.4,420320176.4,462649043,508503671.3,550970655.5,644132488.9,560959527.8,643046733.4,739785121.9,801168622.3,804808525.5,803589511.8,803985809.2,786356314.8,856626506
Kosovo,,,,,,,,,,1849196082,2535333632,2702427047,3355083117,3639935348,3736599925,4078158324,4833561456,5687488209,5653792720,5829933775,6686683347,6500192728,7073420074,7386891336,6439946767,6715486726,7128690557
"Yemen, Rep.",5930370370,6463649985,5368270615,4167356037,4258788725,5785685311,6839039030,6325219773,7641101221,9636342275,9854042165,10693278292,11777768087,13873500888,16753769532,19081722875,21656517484,26910851362,25130274124,30906748941,32726417212,35401325144,40415235702,43228582065,34602480339,18213328571,
South Africa,1.23943E+11,1.34545E+11,1.3431E+11,1.39752E+11,1.5546E+11,1.47608E+11,1.52586E+11,1.37774E+11,1.36632E+11,1.36362E+11,1.21601E+11,1.15748E+11,1.75257E+11,2.28937E+11,2.57671E+11,2.71811E+11,2.99034E+11,2.871E+11,2.97217E+11,3.75298E+11,4.16878E+11,3.96333E+11,3.66829E+11,3.50905E+11,3.17741E+11,2.95763E+11,3.49419E+11
Zambia,3378882353,3181921788,3273237853,3656647744,3807067122,3597220962,4303281932,3537683046,3404311977,3600683040,4094480988,4193845678,4901839731,6221077675,8331870169,12756858899,14056957976,17910858638,15328342304,20265556274,23460098340,25503370699,28045460442,27150630607,21154394546,20954754378,25808666422
Zimbabwe,8641481700,6751472200,6563813300,6890675000,7111270700,8553146600,8529571600,6401968200,6858013100,6689957600,6777384700,6342116400,5727591800,5805598400,5755215200,5443896500,5291950100,4415702800,8621573600,10141859700,12098450700,14242490300,15451768700,15891049200,16304667800,16619960400,17845821400